	fr	Found	Not_found	Found_ratio
0	Aaron	327	27	0.923728813559322
1	Abana	1	0	1.0
2	Abataza	0	1	0.0
3	Abdias	0	2	0.0
4	Abed-Négo	0	3	0.0
5	Abel	0	20	0.0
6	Abel-Misraïm	0	1	0.0
7	Abiatar	0	32	0.0
8	Abimélek	0	67	0.0
9	Abioud	0	2	0.0
10	Abiram	10	0	1.0
11	Abiya	0	16	0.0
12	Abiyam	0	5	0.0
13	Abraham	171	15	0.9193548387096774
14	Abram	61	0	1.0
15	Absalom	103	8	0.9279279279279279
16	Acacias	0	8	0.0
17	Achaz	0	2	0.0
18	Achaïcus	0	2	0.0
19	Ada	0	35	0.0
20	Adalya	0	1	0.0
21	Adam	1	1	0.5
22	Adama	1	0	1.0
23	Adami-Nèqev	0	1	0.0
24	Adaya	0	11	0.0
25	Adayahou	0	1	0.0
26	Adbéel	1	1	0.5
27	Addar	2	0	1.0
28	Addân	0	1	0.0
29	Addôn	0	1	0.0
30	Adina	0	4	0.0
31	Aditaïm	0	2	0.0
32	Adiël	0	12	0.0
33	Adma	4	1	0.8
34	Admata	0	1	0.0
35	Adna	0	4	0.0
36	Adnah	0	1	0.0
37	Adoni-Bèzeq	0	3	0.0
38	Adoni-Sédeq	0	2	0.0
39	Adonias	0	24	0.0
40	Adoniqam	0	3	0.0
41	Adoniram	2	0	1.0
42	Adoniya	0	1	0.0
43	Adoniyahou	0	1	0.0
44	Adoram	3	0	1.0
45	Adoraïm	1	0	1.0
46	Adoullam	0	1	0.0
47	Adoummim	0	2	0.0
48	Adrammélek	0	3	0.0
49	Adriël	0	1	0.0
50	Adéada	0	1	0.0
51	Adîn	0	2	0.0
52	Afeq	0	8	0.0
53	Afiah	0	1	0.0
54	Afiq	0	1	0.0
55	Aféqa	0	1	0.0
56	Agag	8	0	1.0
57	Agaguite	0	5	0.0
58	Agar	0	1	0.0
59	Agour	0	1	0.0
60	Agué	1	0	1.0
61	Aharhel	0	1	0.0
62	Ahasbaï	0	1	0.0
63	Ahashtarites	0	1	0.0
64	Ahawa	0	3	0.0
65	Ahaz	0	3	0.0
66	Ahbân	0	1	0.0
67	Ahi	0	2	0.0
68	Ahia	0	1	0.0
69	Ahiam	0	2	0.0
70	Ahihoud	0	2	0.0
71	Ahiloud	0	5	0.0
72	Ahimaaç	0	15	0.0
73	Ahimoth	0	1	0.0
74	Ahimân	0	4	0.0
75	Ahimélek	0	17	0.0
76	Ahinadav	0	1	0.0
77	Ahinoam	0	7	0.0
78	Ahiqam	0	20	0.0
79	Ahira	5	0	1.0
80	Ahiram	0	1	0.0
81	Ahiramites	0	1	0.0
82	Ahisamak	0	3	0.0
83	Ahishahar	0	1	0.0
84	Ahishar	0	1	0.0
85	Ahitofel	0	20	0.0
86	Ahitouv	0	15	0.0
87	Ahiyya	0	23	0.0
88	Ahiézer	5	1	0.8333333333333334
89	Ahlav	0	1	0.0
90	Ahlaï	0	2	0.0
91	Ahoah	0	1	0.0
92	Ahohite	0	5	0.0
93	Ahoumaï	0	1	0.0
94	Ahouzzam	0	1	0.0
95	Ahouzzath	0	1	0.0
96	Ahra	0	1	0.0
97	Ahyo	0	6	0.0
98	Ahyân	0	1	0.0
99	Ahzaï	0	1	0.0
100	Akar	0	1	0.0
101	Akbor	0	1	0.0
102	Akhab	0	93	0.0
103	Akhaz	0	38	0.0
104	Akhazias	0	37	0.0
105	Akhim	0	1	0.0
106	Akish	19	2	0.9047619047619048
107	Akkad	0	1	0.0
108	Akko	0	1	0.0
109	Aksa	0	1	0.0
110	Akshaf	0	3	0.0
111	Akziv	0	4	0.0
112	Akân	0	1	0.0
113	Alammélek	0	1	0.0
114	Alexandre	0	3	0.0
115	Alexandrie	0	9	0.0
116	Allôn	0	1	0.0
117	Almodad	2	0	1.0
118	Aloush	0	2	0.0
119	Alphée	0	1	0.0
120	Alwân	0	2	0.0
121	Alyân	0	2	0.0
122	Alèmeth	0	12	0.0
123	Amacya	0	5	0.0
124	Amaleq	0	2	0.0
125	Amam	1	0	1.0
126	Amana	1	0	1.0
127	Amarya	0	11	0.0
128	Amaryahou	0	3	0.0
129	Amasa	0	13	0.0
130	Amasaï	0	8	0.0
131	Amashsaï	0	1	0.0
132	Amasias	0	39	0.0
133	Amasya	0	1	0.0
134	Ami	1	0	1.0
135	Aminadab	0	2	0.0
136	Amittaï	0	2	0.0
137	Amma	1	0	1.0
138	Ammihoud	0	35	0.0
139	Ammihour	0	1	0.0
140	Amminadav	0	4	0.0
141	Ammishaddaï	0	22	0.0
142	Ammizavad	0	1	0.0
143	Ammiël	0	33	0.0
144	Amnon	21	0	1.0
145	Amnôn	0	1	0.0
146	Amorites	0	86	0.0
147	Amos	0	1	0.0
148	Amoç	0	13	0.0
149	Amphipolis	0	1	0.0
150	Ampliatus	0	1	0.0
151	Amram	0	6	0.0
152	Amramite	0	39	0.0
153	Amraphel	2	0	1.0
154	Amçi	0	2	0.0
155	Améad	0	1	0.0
156	Amôn	0	18	0.0
157	Ana	2	31	0.06060606060606061
158	Anaharath	0	1	0.0
159	Anammélek	0	1	0.0
160	Ananya	0	5	0.0
161	Anaq	0	19	0.0
162	Anath	0	1	0.0
163	Anatoth	0	4	0.0
164	Anatotite	0	1	0.0
165	Anem	0	1	0.0
166	Aner	0	1	0.0
167	Aniam	1	0	1.0
168	Anim	0	2	0.0
169	Anne	0	4	0.0
170	Anouv	0	1	0.0
171	Antioche	0	1	0.0
172	Antipas	0	1	0.0
173	Antipatris	0	2	0.0
174	Antotiya	0	1	0.0
175	Anân	0	1	0.0
176	Appaïm	2	0	1.0
177	Aqqouv	0	10	0.0
178	Aquilas	0	2	0.0
179	Aqân	0	1	0.0
180	Ar	0	1	0.0
181	Ara	1	0	1.0
182	Arabah	0	3	0.0
183	Arabe	0	1	0.0
184	Arabie	0	3	0.0
185	Arad	0	5	0.0
186	Arah	0	4	0.0
187	Aram	6	116	0.04918032786885246
188	Aram-des-deux-Fleuves	0	5	0.0
189	Araméen	7	5	0.5833333333333334
190	Araméens de Beth-Rehov	0	1	0.0
191	Araméens de Damas	0	3	0.0
192	Araméens de Çova	0	3	0.0
193	Ararat	4	0	1.0
194	Arauna	7	0	1.0
195	Arav	0	1	0.0
196	Arbite	1	0	1.0
197	Archélaüs	0	1	0.0
198	Ard	2	0	1.0
199	Ardite	1	0	1.0
200	Ardôn	0	1	0.0
201	Argov	0	5	0.0
202	Aridata	0	1	0.0
203	Arieh	0	1	0.0
204	Ariel	4	0	1.0
205	Arimathée	0	1	0.0
206	Arisaï	2	0	1.0
207	Arkite	5	1	0.8333333333333334
208	Armoni	1	0	1.0
209	Arnân	0	1	0.0
210	Arnôn	0	23	0.0
211	Arod	1	0	1.0
212	Arodi	1	0	1.0
213	Arodites	1	0	1.0
214	Aroubboth	0	1	0.0
215	Arouma	0	1	0.0
216	Aroër	0	3	0.0
217	Arpad	6	0	1.0
218	Arpakshad	0	9	0.0
219	Arphaxad	0	1	0.0
220	Arqite	0	4	0.0
221	Artaxerxès	16	0	1.0
222	Arvad	2	0	1.0
223	Arvadite	0	2	0.0
224	Aryok	0	6	0.0
225	Arân	0	2	0.0
226	Arça	0	1	0.0
227	Aréli	3	0	1.0
228	Asa	49	3	0.9423076923076923
229	Asaf	0	41	0.0
230	Asahel	0	12	0.0
231	Asarhaddon	0	3	0.0
232	Asaréel	1	0	1.0
233	Asaréla	0	1	0.0
234	Asaya	0	1	0.0
235	Asenath	0	3	0.0
236	Ashbel	3	0	1.0
237	Ashbélite	1	0	1.0
238	Ashdod	0	15	0.0
239	Ashdodites	0	7	0.0
240	Ashehour	0	2	0.0
241	Asher	0	43	0.0
242	Ashima	1	0	1.0
243	Ashkénaz	2	1	0.6666666666666666
244	Ashna	2	0	1.0
245	Ashourites	0	2	0.0
246	Ashpénaz	1	0	1.0
247	Ashqelôn	0	12	0.0
248	Ashéra	7	0	1.0
249	Ashérites	0	1	0.0
250	Asie	0	1	0.0
251	Asiël	0	2	0.0
252	Asna	1	0	1.0
253	Asnappar	0	1	0.0
254	Aspata	0	1	0.0
255	Asriélites	1	0	1.0
256	Asriël	0	3	0.0
257	Assal	0	1	0.0
258	Assel	0	6	0.0
259	Assir	2	2	0.5
260	Assouan	0	1	0.0
261	Assour	0	143	0.0
262	Assyrie	0	2	0.0
263	Asyncrite	0	1	0.0
264	Atak	0	2	0.0
265	Atalya	0	2	0.0
266	Atara	0	1	0.0
267	Atarim	0	1	0.0
268	Ataroth	0	1	0.0
269	Ataya	0	2	0.0
270	Athalie	0	1	0.0
271	Atlaï	0	14	0.0
272	Atroth-Addar	0	1	0.0
273	Atroth-Beth-Yoav	0	4	0.0
274	Atroth-Shofân	0	1	0.0
275	Attalia	0	5	0.0
276	Attaï	0	2	0.0
277	Atér	0	5	0.0
278	Auguste	0	1	0.0
279	Avagta	0	1	0.0
280	Avarim	0	1	0.0
281	Avda	0	2	0.0
282	Avdi	0	6	0.0
283	Avdiël	0	20	0.0
284	Avdôn	0	4	0.0
285	Avel	0	2	0.0
286	Avel-Beth-Maaka	0	3	0.0
287	Avel-Keramim	0	1	0.0
288	Avel-Maïm	0	1	0.0
289	Avel-Mehola	0	3	0.0
290	Avel-Shittim	0	1	0.0
291	Avi	0	1	0.0
292	Avi-Alvôn	0	1	0.0
293	Aviasaf	0	1	0.0
294	Avida	0	2	0.0
295	Avidân	0	5	0.0
296	Avigaïl	0	19	0.0
297	Avihaïl	0	6	0.0
298	Avihou	0	12	0.0
299	Avimaël	0	2	0.0
300	Avinadav	0	12	0.0
301	Avinoam	0	4	0.0
302	Aviram	0	1	0.0
303	Avishag	0	5	0.0
304	Avishaï	0	25	0.0
305	Avishoua	0	5	0.0
306	Avishour	0	2	0.0
307	Avital	0	2	0.0
308	Avitouv	0	1	0.0
309	Aviya	0	9	0.0
310	Avièzer	0	10	0.0
311	Aviël	0	3	0.0
312	Avner	0	63	0.0
313	Avrona	0	3	0.0
314	Avvim	0	2	0.0
315	Avvite	0	1	0.0
316	Awa	0	3	0.0
317	Awites	0	2	0.0
318	Ayya	0	7	0.0
319	Ayyalôn	0	9	0.0
320	Azanya	0	1	0.0
321	Azarel	0	12	0.0
322	Azarias	0	1	0.0
323	Azarya	0	35	0.0
324	Azaryahou	0	20	0.0
325	Azaz	0	3	0.0
326	Azazyahou	0	2	0.0
327	Azbouq	0	2	0.0
328	Aziza	0	10	0.0
329	Aziël	0	1	0.0
330	Azmaweth	0	5	0.0
331	Aznoth-Tabor	0	1	0.0
332	Azouva	0	3	0.0
333	Azriqam	0	9	0.0
334	Azriël	0	3	0.0
335	Azzour	0	7	0.0
336	Azzân	0	1	0.0
337	Azéqa	0	2	0.0
338	Açalyahou	0	2	0.0
339	Açmôn	0	5	0.0
340	Aï	2	0	1.0
341	Aïn	0	5	0.0
342	Baal	74	5	0.9367088607594937
343	Baal-Berith	0	2	0.0
344	Baal-Cefôn	0	2	0.0
345	Baal-Gad	0	2	0.0
346	Baal-Hamôn	0	3	0.0
347	Baal-Hanân	0	8	0.0
348	Baal-Haçor	0	1	0.0
349	Baal-Hermon	0	1	0.0
350	Baal-Peracim	0	2	0.0
351	Baal-Péor	1	6	0.14285714285714285
352	Baal-Shalisha	0	3	0.0
353	Baal-Tamar	0	1	0.0
354	Baal-Zeboub	0	1	0.0
355	Baala	4	0	1.0
356	Baalath	1	1	0.5
357	Baalath-Béer	0	2	0.0
358	Baalis	0	1	0.0
359	Baalé-Yehouda	0	1	0.0
360	Baana	7	1	0.875
361	Baara	0	2	0.0
362	Baaséya	0	3	0.0
363	Babel	6	228	0.02564102564102564
364	Babylone	21	4	0.84
365	Baharoumite	0	1	0.0
366	Bahourim	0	5	0.0
367	Bakrites	0	2	0.0
368	Bala	0	5	0.0
369	Balaam	0	1	0.0
370	Baladân	0	3	0.0
371	Balaq	0	1	0.0
372	Baléites	0	1	0.0
373	Bamoth	0	1	0.0
374	Bamoth-Baal	0	2	0.0
375	Bani	6	2	0.75
376	Baptiste	0	1	0.0
377	Baqbaqar	0	2	0.0
378	Baqbouq	0	7	0.0
379	Baqbouqya	0	1	0.0
380	Bar-Jésus	0	4	0.0
381	Baraq	0	1	0.0
382	Bariah	0	1	0.0
383	Barouk	0	2	0.0
384	Barqos	0	1	0.0
385	Barsabbas	0	5	0.0
386	Barthélemy	0	1	0.0
387	Bartimée	0	2	0.0
388	Baruch	0	1	0.0
389	Barzillaï	0	3	0.0
390	Bashân	0	6	0.0
391	Basmath	0	4	0.0
392	Baume de Jéricho [plante du désert	0	1	0.0
393	Baçlith	0	1	0.0
394	Baçlouth	0	8	0.0
395	Baésha	0	1	0.0
396	Bedad	1	1	0.5
397	Bedân	0	2	0.0
398	Bel	0	8	0.0
399	Belshassar	0	47	0.0
400	Beltshassar	0	9	0.0
401	Ben-Ammi	0	14	0.0
402	Ben-Hadad	0	1	0.0
403	Ben-Hanân	0	1	0.0
404	Ben-Haïl	0	1	0.0
405	Benaya	0	12	0.0
406	Benayahou	0	30	0.0
407	Beninou	0	3	0.0
408	Benjamin	137	20	0.8726114649681529
409	Benjaminite	0	2	0.0
410	Bené-Beraq	0	1	0.0
411	Bené-Yaaqân	0	1	0.0
412	Beraya	0	1	0.0
413	Beria	2	6	0.25
414	Beriites	0	1	0.0
415	Besodya	0	2	0.0
416	Besor	0	1	0.0
417	Beth Tappuach	0	3	0.0
418	Beth-Anath	0	1	0.0
419	Beth-Anoth	0	1	0.0
420	Beth-Araba	0	1	0.0
421	Beth-Arvel	0	1	0.0
422	Beth-Ashbéa	0	1	0.0
423	Beth-Awèn	0	7	0.0
424	Beth-Azmaweth	0	1	0.0
425	Beth-Baal-Méôn	0	1	0.0
426	Beth-Bara	1	0	1.0
427	Beth-Biréï	1	0	1.0
428	Beth-Dagôn	0	2	0.0
429	Beth-Divlataïm	0	1	0.0
430	Beth-Ecel	0	1	0.0
431	Beth-Eden	0	2	0.0
432	Beth-Emeq	0	4	0.0
433	Beth-Eqed	0	2	0.0
434	Beth-Gamoul	0	1	0.0
435	Beth-Hanân	0	13	0.0
436	Beth-Haram	0	3	0.0
437	Beth-Harân	0	1	0.0
438	Beth-Hogla	0	2	0.0
439	Beth-Horôn	0	3	0.0
440	Beth-Kar	0	1	0.0
441	Beth-Kérem	0	4	0.0
442	Beth-Levaoth	0	1	0.0
443	Beth-Léafra	0	41	0.0
444	Beth-Markavoth	0	1	0.0
445	Beth-Méôn	0	1	0.0
446	Beth-Nimra	0	2	0.0
447	Beth-Pacéç	0	4	0.0
448	Beth-Pèleth	0	1	0.0
449	Beth-Péor	0	2	0.0
450	Beth-Rafa	0	1	0.0
451	Beth-Rehov	0	4	0.0
452	Beth-Shitta	0	1	0.0
453	Beth-Shèmesh	0	23	0.0
454	Beth-Shéân	0	2	0.0
455	Beth-Yeshimoth	0	1	0.0
456	Beth-Çour	0	1	0.0
457	Bethléem	0	2	0.0
458	Bethléémite	0	2	0.0
459	Bethsabée	0	60	0.0
460	Bethsaïda	0	1	0.0
461	Bethzatha	0	1	0.0
462	Betonim	1	0	1.0
463	Betoul	0	1	0.0
464	Betouël	0	12	0.0
465	Beçalel	0	3	0.0
466	Bidqar	0	1	0.0
467	Bigta	0	1	0.0
468	Bigtân	0	2	0.0
469	Bigwaï	0	6	0.0
470	Bikri	0	1	0.0
471	Bildad	0	1	0.0
472	Bilga	1	2	0.3333333333333333
473	Bilgaï	0	2	0.0
474	Bilha	10	1	0.9090909090909091
475	Bilhân	0	3	0.0
476	Bilshân	0	1	0.0
477	Biléam	0	56	0.0
478	Bimhal	0	2	0.0
479	Binnouï	0	8	0.0
480	Binéa	0	1	0.0
481	Biqéath	0	3	0.0
482	Birsha	0	2	0.0
483	Bithynie	0	1	0.0
484	Bitya	0	9	0.0
485	Bizta	0	1	0.0
486	Boanerguès	0	3	0.0
487	Boaz	0	20	0.0
488	Bocéç	0	1	0.0
489	Bohân	0	4	0.0
490	Bokim	0	1	0.0
491	Booz	0	10	0.0
492	Bor-Ashân	0	1	0.0
493	Bosor	0	1	0.0
494	Bouna	0	1	0.0
495	Bounni	0	9	0.0
496	Bouqqi	0	4	0.0
497	Bouqqiyahou	0	1	0.0
498	Bouz	0	3	0.0
499	Bouzite	0	3	0.0
500	Boçqath	0	1	0.0
501	Boçra	0	1	0.0
502	Bècèr	0	3	0.0
503	Bèker	0	5	0.0
504	Bèla	0	13	0.0
505	Bèra	0	2	0.0
506	Bèred	0	2	0.0
507	Bèrèkya	0	6	0.0
508	Bèrèkyahou	0	4	0.0
509	Bètah	0	1	0.0
510	Bètèn	0	1	0.0
511	Bèzeq	0	3	0.0
512	Béaloth	1	1	0.5
513	Béalya	0	1	0.0
514	Bédya	0	1	0.0
515	Béelyada	0	1	0.0
516	Béer	1	0	1.0
517	Béer-Shéva	0	35	0.0
518	Béeshtera	0	1	0.0
519	Béor	2	2	0.5
520	Béri	0	7	0.0
521	Bérites	0	2	0.0
522	Bérée	0	2	0.0
523	Bérénice	0	11	0.0
524	Bésaï	0	1	0.0
525	Béthanie	0	29	0.0
526	Béthel	64	2	0.9696969696969697
527	Béthel-Sarècèr	0	18	0.0
528	Bévaï	0	5	0.0
529	Béçaï	0	28	0.0
530	Bééra	0	2	0.0
531	Bééri	1	1	0.5
532	Bééroth	1	10	0.09090909090909091
533	Béôn	0	1	0.0
534	Caleb	0	2	0.0
535	Cana	0	1	0.0
536	Canaan	0	2	0.0
537	Cananéens	0	1	0.0
538	Candace	0	1	0.0
539	Capharnaüm	0	1	0.0
540	Cappadoce	0	2	0.0
541	Carmel	0	4	0.0
542	Cauda	0	1	0.0
543	Caïn	0	25	0.0
544	Caïphe	0	5	0.0
545	Cedâd	0	1	0.0
546	Cefanya	0	3	0.0
547	Cefanyahou	0	1	0.0
548	Cefata	0	1	0.0
549	Cefath	0	1	0.0
550	Cefi	0	1	0.0
551	Cefonites	0	2	0.0
552	Celofehad	0	1	0.0
553	Celui qui se tenait à sa place	0	2507	0.0
554	Celçah	0	5	0.0
555	Cemaraïm	0	3	0.0
556	Cemarite	0	154	0.0
557	Cenân	0	1	0.0
558	Ceri	0	1	0.0
559	Ceror	0	1	0.0
560	Ceroua	0	1	0.0
561	Cerouya	0	1	0.0
562	Ceréda	0	2	0.0
563	Cevoïm	0	2	0.0
564	Chaldée	0	3	0.0
565	Chaldéen	0	16	0.0
566	Cham	0	17	0.0
567	Chamir	0	3	0.0
568	Charan	0	3	0.0
569	Chloé	0	3	0.0
570	Christ	0	2	0.0
571	Ciddim	0	5	0.0
572	Cifiôn	0	1	0.0
573	Ciha	0	1	0.0
574	Cilla	0	1	0.0
575	Cilletaï	0	15	0.0
576	Cior	0	49	0.0
577	Cippor	0	1	0.0
578	Ciqlag	0	7	0.0
579	Civya	0	1	0.0
580	Civéôn	0	1	0.0
581	Claudia	0	1	0.0
582	Colosses	0	1	0.0
583	Corinthien	0	1	0.0
584	Coréites	0	2	0.0
585	Cèleq	0	1	0.0
586	Cèreth-Shahar	0	3	0.0
587	Céla	0	3	0.0
588	Céphas	0	16	0.0
589	Cér	0	10	0.0
590	César	0	2	0.0
591	Césarée	0	9	0.0
592	Césarée de Philippe	0	1	0.0
593	Cîn	0	3	0.0
594	Dagôn	0	3	0.0
595	Dalfôn	0	1	0.0
596	Dalila	0	1	0.0
597	Dalmanoutha	0	1	0.0
598	Dalmatie	0	2	0.0
599	Damas	0	6	0.0
600	Dan	4	3	0.5714285714285714
601	Daniel	0	74	0.0
602	Danites	0	32	0.0
603	Danna	0	1	0.0
604	Daphné	0	2	0.0
605	Darius	0	4	0.0
606	Darqôn	0	25	0.0
607	Daverath	0	1	0.0
608	David	0	9	0.0
609	Delaya	0	8	0.0
610	Destructeur	0	7	0.0
611	Devir	0	1	0.0
612	Di-Zahav	0	1	0.0
613	Dieu	0	12	0.0
614	Difath	0	1	0.0
615	Diléân	0	2	0.0
616	Dimona	0	1	0.0
617	Dinhava	0	1	0.0
618	Diqla	0	74	0.0
619	Dishôn	0	9	0.0
620	Divla	0	9	0.0
621	Divlaïm	0	1	0.0
622	Divri	0	1	0.0
623	Divôn	0	11	0.0
624	Dodawahou	0	1	0.0
625	Dodaï	0	2	0.0
626	Dodo	1	1075	0.0009293680297397769
627	Dofqa	0	3	0.0
628	Dor	0	2	0.0
629	Dotân	0	4	0.0
630	Douma	0	2	0.0
631	Doura	0	2	0.0
632	Doëg	0	10	0.0
633	Drusille	0	1	0.0
634	Débora	0	6	0.0
635	Démétrius	0	1	0.0
636	Déouël	0	5	0.0
637	Ebal	0	2	0.0
638	Eber	0	5	0.0
639	Ecbatane	1	0	1.0
640	Ecem	0	1	0.0
641	Eciôn-Guèvèr	0	1	0.0
642	Ecèr	0	5	0.0
643	Eden	0	3	0.0
644	Eder	0	6	0.0
645	Edom	0	100	0.0
646	Edomite	0	12	0.0
647	Edrèï	0	8	0.0
648	Eflal	0	1	0.0
649	Efod	0	1	0.0
650	Efrôn	0	3	0.0
651	Efèr	0	3	0.0
652	Efès-Dammim	0	1	0.0
653	Eglath-Shelishiya	0	1	0.0
654	Eglaïm	0	1	0.0
655	Eglôn	0	2	0.0
656	Egypte	0	10	0.0
657	Ehi	1	0	1.0
658	Ehoud	0	10	0.0
659	Eifa	0	9	0.0
660	Eil-Parân	0	1	0.0
661	Eilath	0	8	0.0
662	Ein	0	2	0.0
663	Ein-Dor	0	2	0.0
664	Ein-Eglaïm	0	16	0.0
665	Ein-Gannim	0	5	0.0
666	Ein-Hadda	0	1	0.0
667	Ein-Haçor	0	1	0.0
668	Ein-Mishpat	0	2	0.0
669	Ein-Qoré	0	1	0.0
670	Ein-Rimmôn	0	4	0.0
671	Ein-Roguel	0	1	0.0
672	Ein-Shèmesh	0	8	0.0
673	Ein-Tappouah	0	1	0.0
674	Einam	0	2	0.0
675	Einaïm	0	1	0.0
676	Einân	0	2	0.0
677	Ela	1	13	0.07142857142857142
678	Elam	0	37	0.0
679	Eldaa	2	0	1.0
680	Eldad	2	0	1.0
681	Elhanân	0	4	0.0
682	Eli	0	3	0.0
683	Eliam	0	2	0.0
684	Eliata	0	1	0.0
685	Eliav	0	21	0.0
686	Elidad	0	1	0.0
687	Elie	0	67	0.0
688	Elifal	0	1	0.0
689	Elifaz	0	15	0.0
690	Elifléhou	0	2	0.0
691	Elifèleth	0	8	0.0
692	Elihoref	0	1	0.0
693	Elihou	0	11	0.0
694	Elim	0	6	0.0
695	Elimélek	0	6	0.0
696	Eliqa	0	1	0.0
697	Elisabeth	0	1	0.0
698	Elisha	1	2	0.3333333333333333
699	Elishafath	0	1	0.0
700	Elishama	5	11	0.3125
701	Elishoua	0	2	0.0
702	Elisée	0	58	0.0
703	Eliya	0	3	0.0
704	Eliyata	0	1	0.0
705	Eliçafân	0	4	0.0
706	Eliçour	0	5	0.0
707	Eliénaï	0	1	0.0
708	Eliézer	1	13	0.07142857142857142
709	Eliël	0	10	0.0
710	Ellasar	2	0	1.0
711	Elnaam	1	0	1.0
712	Elnatân	0	7	0.0
713	Elonites	0	1	0.0
714	Eloul	0	1	0.0
715	Elpaal	3	0	1.0
716	Elpaleth	0	1	0.0
717	Elqana	0	21	0.0
718	Elqoshite	0	1	0.0
719	Elteqé	0	2	0.0
720	Elteqôn	0	1	0.0
721	Eltolad	0	2	0.0
722	Elyada	0	4	0.0
723	Elyahba	0	2	0.0
724	Elyaqim	0	12	0.0
725	Elyasaf	0	6	0.0
726	Elyashiv	0	17	0.0
727	Elyehoénaï	0	2	0.0
728	Elyoénaï	0	7	0.0
729	Elzavad	0	2	0.0
730	Elçafân	0	2	0.0
731	Elèf	0	2	0.0
732	Eléad	0	1	0.0
733	Eléada	0	1	0.0
734	Eléalé	0	5	0.0
735	Eléasa	0	6	0.0
736	Eléazar	0	72	0.0
737	Eléouzaï	0	1	0.0
738	Elôn	0	9	0.0
739	Emeq-Qeciç	0	1	0.0
740	Emites	0	3	0.0
741	Emmanuel	0	3	0.0
742	Enosh	0	7	0.0
743	Epaphras	0	3	0.0
744	Epaphrodite	0	2	0.0
745	Ephrata	0	10	0.0
746	Ephratéen	0	5	0.0
747	Ephraïm	0	180	0.0
748	Ephrôn	0	9	0.0
749	Ephèse	0	1	0.0
750	Epénète	0	1	0.0
751	Eqrôn	0	1	0.0
752	Eqèr	0	2	0.0
753	Eranite	0	8	0.0
754	Eraste	0	2	0.0
755	Erek	0	1	0.0
756	Eri	0	3	0.0
757	Esaïe	0	1	0.0
758	Esaü	0	3	0.0
759	Esdras	0	2	0.0
760	Eshbaal	2	0	1.0
761	Eshbân	0	2	0.0
762	Eshkol	0	6	0.0
763	Eshtaol	0	7	0.0
764	Eshtaoulites	0	1	0.0
765	Eshtemoa	0	6	0.0
766	Eshtôn	0	2	0.0
767	Eshéân	0	1	0.0
768	Esprit	0	2	0.0
769	Esprit Saint	0	156	0.0
770	Esther	45	0	1.0
771	Etam	0	4	0.0
772	Ethbaal	1	0	1.0
773	Etienne	0	2	0.0
774	Etni	0	1	0.0
775	Etnân	0	1	0.0
776	Etân	0	8	0.0
777	Etèr	0	3	0.0
778	Eubule	0	1	0.0
779	Euphrate	0	1	0.0
780	Eutyque	0	1	0.0
781	Eval	0	3	0.0
782	Eve	0	2	0.0
783	Eved	0	7	0.0
784	Eved-Mélek	0	2	0.0
785	Eviasaf	0	3	0.0
786	Evèn-Ezèr	0	3	0.0
787	Evèç	0	1	0.0
788	Ewi	0	2	0.0
789	Ewil-Mérodak	0	2	0.0
790	Ezbaï	1	0	1.0
791	Ezra	0	1	0.0
792	Ezrahite	0	3	0.0
793	Ezri	0	1	0.0
794	Ezèr	0	24	0.0
795	Ezéchiel	0	2	0.0
796	Ezékias	0	4	0.0
797	Eçbôn	0	2	0.0
798	Fils de l'homme	0	24	0.0
799	Forum d'Appius	0	1	0.0
800	Gaal	0	1	0.0
801	Gaash	0	2	0.0
802	Gabaon	0	1	0.0
803	Gabaonite	0	2	0.0
804	Gabbatha	0	3	0.0
805	Gabriel	0	1	0.0
806	Gad	2	8	0.2
807	Gaddi	0	1	0.0
808	Gaddiël	0	16	0.0
809	Gadi	0	2	0.0
810	Gadite	0	1	0.0
811	Gahar	0	15	0.0
812	Galaad	128	8	0.9411764705882353
813	Galaadite	1	1	0.5
814	Galal	0	8	0.0
815	Galil	0	1	0.0
816	Galilée	0	2	0.0
817	Gameliël	0	1	0.0
818	Gammadiens	0	2	0.0
819	Gamoul	0	11	0.0
820	Garev	0	5	0.0
821	Garizim	0	2	0.0
822	Garmite	0	7	0.0
823	Gath	0	3	0.0
824	Gath-Héfèr	0	1	0.0
825	Gaza	0	4	0.0
826	Gazzam	0	1	0.0
827	Gazèz	0	1	0.0
828	Gaétâm	0	1	0.0
829	Gaïus	0	4	0.0
830	Goa	0	1	0.0
831	Gob	0	1	0.0
832	Gog	0	2	0.0
833	Golgotha	0	56	0.0
834	Gomer	0	1	0.0
835	Gomorrhe	0	6	0.0
836	Goshèn	0	9	0.0
837	Goudgoda	0	57	0.0
838	Gouni	0	5	0.0
839	Gour	0	3	0.0
840	Gour-Baal	0	1	0.0
841	Gozân	0	2	0.0
842	Guedalias	0	3	0.0
843	Guedalya	0	3	0.0
844	Guedalyahou	0	5	0.0
845	Guedor	0	39	0.0
846	Guedéra	0	2	0.0
847	Guedératite	0	1	0.0
848	Guedérite	0	1	0.0
849	Guedérotaïm	0	2	0.0
850	Guemalli	0	1	0.0
851	Guemarya	0	5	0.0
852	Guemaryahou	0	5	0.0
853	Guenouvath	0	1	0.0
854	Guerres	0	1	0.0
855	Guershom	0	12	0.0
856	Guershonite	0	7	0.0
857	Guershôn	0	6	0.0
858	Gueshour	0	1	0.0
859	Gueshourite	0	17	0.0
860	Guiah	0	3	0.0
861	Guibbar	0	6	0.0
862	Guibbetôn	0	1	0.0
863	Guiddalti	0	2	0.0
864	Guiddel	0	2	0.0
865	Guidom	0	22	0.0
866	Guihôn	0	2	0.0
867	Guilalaï	0	6	0.0
868	Guilboa	0	2	0.0
869	Guilgal	31	13	0.7045454545454546
870	Guilo	0	1	0.0
871	Guilonite	0	5	0.0
872	Guinath	0	12	0.0
873	Guinnetoï	0	1	0.0
874	Guinnetôn	0	4	0.0
875	Guirgashite	0	1	0.0
876	Guirzite	0	2	0.0
877	Guishpa	0	1	0.0
878	Guittaïm	0	2	0.0
879	Guittite	0	31	0.0
880	Guivéa	0	21	0.0
881	Guivéatite	0	36	0.0
882	Guizonite	0	1	0.0
883	Guèdèr	0	2	0.0
884	Guèshem	0	9	0.0
885	Guètèr	0	4	0.0
886	Guèva	0	2	0.0
887	Guèvèr	0	35	0.0
888	Guéchem	0	13	0.0
889	Guéhazi	0	1	0.0
890	Guéouël	0	1	0.0
891	Guéra	3	0	1.0
892	Guérar	0	2	0.0
893	Guéshân	0	2	0.0
894	Gédéon	0	1	0.0
895	Génésareth	0	9	0.0
896	Ha-Guedolim	0	13	0.0
897	Ha-Lohesh	0	2	0.0
898	Ha-Qatân	0	1	0.0
899	Ha-Senaa	0	1	0.0
900	Ha-Senoua	0	46	0.0
901	Habaquq	0	3	0.0
902	Habor	0	4	0.0
903	Hacelèlponi	0	1	0.0
904	Hacéroth	0	12	0.0
905	Hadad	1	3	0.25
906	Hadad-Rimmôn	0	3	0.0
907	Hadadèzèr	0	10	0.0
908	Hadar	0	2	0.0
909	Hadassa	0	2	0.0
910	Hadid	0	1	0.0
911	Hadlaï	0	1	0.0
912	Hadoram	0	11	0.0
913	Hadrak	0	2	0.0
914	Hafaraïm	0	5	0.0
915	Hagab	0	447	0.0
916	Hagar	0	1	0.0
917	Hagguith	0	2	0.0
918	Hagguiya	0	2	0.0
919	Hagrite	0	5	0.0
920	Hakalya	0	3	0.0
921	Hakila	0	2	0.0
922	Hakmoni	0	3	0.0
923	Halhoul	0	2	0.0
924	Hali	0	1	0.0
925	Ham	0	13	0.0
926	Hamath la grande	0	1	0.0
927	Hamath-Çova	0	1	0.0
928	Hamatite	0	1	0.0
929	Hammath	0	13	0.0
930	Hammedata	0	2	0.0
931	Hammouël	0	1	0.0
932	Hammôn	0	2	0.0
933	Hamona	0	2	0.0
934	Hamor	0	3	0.0
935	Hamoul	0	12	0.0
936	Hamoulite	0	4	0.0
937	Hamoutal	0	2	0.0
938	Hamrân	0	1	0.0
939	Hanaméel	0	1	0.0
940	Hanani	1	12	0.07692307692307693
941	Hananya	0	21	0.0
942	Hananyahou	0	11	0.0
943	Hananéel	0	14	0.0
944	Hannatôn	0	1	0.0
945	Hanne	0	2	0.0
946	Hanniël	0	6	0.0
947	Hanok	0	4	0.0
948	Hanokites	0	1	0.0
949	Hanoun	0	10	0.0
950	Hanân	0	6	0.0
951	Hanès	0	4	0.0
952	Happicéç	0	3	0.0
953	Haqoufa	0	1	0.0
954	Haqqoç	0	2	0.0
955	Har-Hèrès	0	1	0.0
956	Hara	0	1	0.0
957	Harada	0	17	0.0
958	Harafa	0	2	0.0
959	Hararite	0	1	0.0
960	Haref	0	10	0.0
961	Harhas	0	1	0.0
962	Harhaya	0	2	0.0
963	Harhour	0	4	0.0
964	Harif	0	1	0.0
965	Harim	0	2	0.0
966	Harmôn	0	1	0.0
967	Harnèfèr	0	14	0.0
968	Harorite	0	1	0.0
969	Haroum	0	10	0.0
970	Harouç	0	1	0.0
971	Haroè	0	1	0.0
972	Harsha	0	1	0.0
973	Harân	0	2	0.0
974	Hasadya	0	1	0.0
975	Hashavna	0	1	0.0
976	Hashavneya	0	5	0.0
977	Hashavya	0	46	0.0
978	Hashavyahou	0	4	0.0
979	Hashbaddana	0	4	0.0
980	Hashem	0	1	0.0
981	Hashmona	0	2	0.0
982	Hashoum	0	13	0.0
983	Hashouv	0	2	0.0
984	Hashouva	0	1	0.0
985	Hasoufa	0	2	0.0
986	Hatak	0	1	0.0
987	Hatifa	0	1	0.0
988	Haurân	0	1	0.0
989	Havacinya	0	1	0.0
990	Hazaya	0	1	0.0
991	Hazaël	0	12	0.0
992	Haziël	0	1	0.0
993	Hazo	0	2	0.0
994	Haçar-Addar	0	3	0.0
995	Haçar-Einân	0	2	0.0
996	Haçar-Gadda	0	1	0.0
997	Haçar-Shoual	0	1	0.0
998	Haçar-Sousim	0	2	0.0
999	Haçarmaweth	0	1	0.0
1000	Haçaçôn-Tamar	0	1	0.0
1001	Haçor	0	4	0.0
1002	Helba	0	1	0.0
1003	Helbôn	0	1	0.0
1004	Heldaï	0	4	0.0
1005	Helqath	0	1	0.0
1006	Helqaï	0	5	0.0
1007	Helqites	0	1	0.0
1008	Heshbôn	0	3	0.0
1009	Heshmôn	0	3	0.0
1010	Hesli	0	2	0.0
1011	Heth	0	1	0.0
1012	Hiddaï	0	1	0.0
1013	Hiel	0	3	0.0
1014	Hilez	0	1	0.0
1015	Hillel	0	1	0.0
1016	Hilqiya	0	7	0.0
1017	Hilqiyahou	0	15	0.0
1018	Hiram	0	7	0.0
1019	Hiram-Abi	0	1	0.0
1020	Hittite	0	1	0.0
1021	Hivvite	0	2	0.0
1022	Hizqi	0	1	0.0
1023	Hizqiya	0	1	0.0
1024	Hobab	0	1	0.0
1025	Hodawya	0	2	0.0
1026	Hodawyahou	0	1	0.0
1027	Hodesh	0	1	0.0
1028	Hodiya	0	2	0.0
1029	Hodwa	0	1	0.0
1030	Hofra	0	2	0.0
1031	Hogla	0	9	0.0
1032	Hoham	0	1	0.0
1033	Homam	0	1	0.0
1034	Hor-la-Montagne	0	1	0.0
1035	Horam	0	1	0.0
1036	Horem	0	2	0.0
1037	Hori	0	3	0.0
1038	Horites	0	1	0.0
1039	Horonaïm	0	1	0.0
1040	Horonite	0	9	0.0
1041	Hoshama	0	1	0.0
1042	Hoshaya	0	11	0.0
1043	Hoshéa	0	3	0.0
1044	Hotir	0	1	0.0
1045	Houfam	0	25	0.0
1046	Houfamite	0	7	0.0
1047	Houlda	0	1	0.0
1048	Houmeta	0	1	0.0
1049	Houqoq	0	4	0.0
1050	Hour	0	5	0.0
1051	Houram	0	1	0.0
1052	Houraï	0	3	0.0
1053	Houri	0	8	0.0
1054	Housha	0	8	0.0
1055	Housham	0	1	0.0
1056	Houshaï	0	3	0.0
1057	Houshim	0	5	0.0
1058	Hova	0	2	0.0
1059	Hovaya	0	2	0.0
1060	Hyménée	0	1	0.0
1061	Hèldaï	0	1	0.0
1062	Hèleç	0	1	0.0
1063	Hèmdân	0	1	0.0
1064	Hèresh	0	1	0.0
1065	Hèreth	0	1	0.0
1066	Hèziôn	0	21	0.0
1067	Hèçraï	0	1	0.0
1068	Hèçro	0	1	0.0
1069	Hèçronites	0	5	0.0
1070	Hèçrôn	0	10	0.0
1071	Héber	0	3	0.0
1072	Hébreu	0	1	0.0
1073	Hébrites	0	1	0.0
1074	Hébron	0	10	0.0
1075	Hébronite	0	1	0.0
1076	Héfèr	0	10	0.0
1077	Héférite	0	1	0.0
1078	Hégué	0	10	0.0
1079	Héled	0	2	0.0
1080	Héli	0	3	0.0
1081	Héliopolis	0	3	0.0
1082	Hélèm	0	8	0.0
1083	Hélôn	0	1	0.0
1084	Hémam	0	1	0.0
1085	Hémân	0	5	0.0
1086	Héna	0	1	0.0
1087	Hénadad	0	1	0.0
1088	Hénok	0	1	0.0
1089	Hérode	0	13	0.0
1090	Hérodiade	0	9	0.0
1091	Hérodiens	0	3	0.0
1092	Hérodion	0	2	0.0
1093	Hétlôn	0	2	0.0
1094	Hézir	0	1	0.0
1095	Ibçân	0	2	0.0
1096	Iconium	0	1	0.0
1097	Iddo	2	2	0.5
1098	Ikavod	0	2	0.0
1099	Ilaï	0	2	0.0
1100	Illyrie	0	1	0.0
1101	Immer	10	0	1.0
1102	Imri	2	0	1.0
1103	Inde	0	5	0.0
1104	Iqqesh	0	1	0.0
1105	Ir	1	0	1.0
1106	Ir-Shèmesh	0	1	0.0
1107	Ira	5	3	0.625
1108	Irad	0	3	0.0
1109	Iram	0	1	0.0
1110	Iri	0	1	0.0
1111	Irou	0	1	0.0
1112	Isaac	0	29	0.0
1113	Ishbosheth	11	0	1.0
1114	Ishehod	0	1	0.0
1115	Ismaélites	0	21	0.0
1116	Ismaël	0	1	0.0
1117	Israélite	0	15	0.0
1118	Israël	0	238	0.0
1119	Issakar	0	6	0.0
1120	Italie	0	3	0.0
1121	Italique	0	22	0.0
1122	Itamar	0	21	0.0
1123	Itaï	0	1	0.0
1124	Itiël	0	3	0.0
1125	Ittaï	1	6	0.14285714285714285
1126	Iturée	0	3	0.0
1127	Ivri	0	1	0.0
1128	Iwa	0	1	0.0
1129	Iyyim	0	3	0.0
1130	Iyyôn	0	2	0.0
1131	Izréel	0	5	0.0
1132	Iézer	0	1	0.0
1133	Iézérites	0	1	0.0
1134	Iôanân	0	1	0.0
1135	Iôda	0	20	0.0
1136	Iôrim	0	65	0.0
1137	Jacob	0	2	0.0
1138	Jaffa	0	1	0.0
1139	Japhet	0	3	0.0
1140	Jason	0	4	0.0
1141	Jean	0	12	0.0
1142	Jeanne	0	1	0.0
1143	Jephté	0	24	0.0
1144	Jessé	0	3	0.0
1145	Joab	0	1	0.0
1146	Joas	1	4	0.2
1147	Joatham	0	3	0.0
1148	Job	56	93	0.37583892617449666
1149	Jobed	0	10	0.0
1150	Jonas	0	10	0.0
1151	Jonathan	0	9	0.0
1152	Joncs	0	1	0.0
1153	Joram	0	1	0.0
1154	Josaphat	0	5	0.0
1155	Joseph	0	17	0.0
1156	Josias	0	2	0.0
1157	Josué	1	32	0.030303030303030304
1158	Josès	0	2	0.0
1159	José	0	1	0.0
1160	Jourdain	0	82	0.0
1161	Jozadak	0	1	0.0
1162	Joël	1	11	0.08333333333333333
1163	Juda	9	24	0.2727272727272727
1164	Judas	8	913	0.008686210640608035
1165	Jude	0	1	0.0
1166	Judée	0	3	0.0
1167	Juif	0	10	0.0
1168	Julie	0	5	0.0
1169	Justus	0	1	0.0
1170	Jébusite	0	1	0.0
1171	Jéchonias	0	11	0.0
1172	Jéhu	0	55	0.0
1173	Jéricho	0	1	0.0
1174	Jérusalem	2	174	0.011363636363636364
1175	Jérémie	0	4	0.0
1176	Jésus	0	8	0.0
1177	Jéthro	0	7	0.0
1178	Jézabel	0	22	0.0
1179	Kalkol	0	3	0.0
1180	Kalno	0	1	0.0
1181	Kalné	0	3	0.0
1182	Kanné	0	3	0.0
1183	Kariens	0	3	0.0
1184	Karkas	0	2	0.0
1185	Karmi	0	4	0.0
1186	Karshena	0	1	0.0
1187	Kasifya	0	1	0.0
1188	Kaïnam	0	2	0.0
1189	Kedorlaomer	0	1	0.0
1190	Keloubaï	0	1	0.0
1191	Kelouhi	0	1	0.0
1192	Kelouv	0	1	0.0
1193	Kemosh	0	1	0.0
1194	Kenaana	0	3	0.0
1195	Kenani	0	8	0.0
1196	Kenanyahou	0	1	0.0
1197	Keroub	0	3	0.0
1198	Kerân	0	1	0.0
1199	Kerétiens	0	21	0.0
1200	Kesil	0	69	0.0
1201	Kesouloth	0	1	0.0
1202	Keziv	0	2	0.0
1203	Kidôn	0	1	0.0
1204	Kilyôn	0	1	0.0
1205	Kimham	0	2	0.0
1206	Kinnéreth	0	80	0.0
1207	Kis	0	2	0.0
1208	Kitlish	0	80	0.0
1209	Kittim	0	15	0.0
1210	Kiyyoun	0	2	0.0
1211	Kol-Hozé	0	1	0.0
1212	Konanyahou	0	4	0.0
1213	Konyahou	0	1	0.0
1214	Koun	0	5	0.0
1215	Koush	0	2	0.0
1216	Koushi	0	21	0.0
1217	Koushân	0	23	0.0
1218	Koushân-Rishéataïm	0	1	0.0
1219	Kouth	0	26	0.0
1220	Kozbi	0	1	0.0
1221	Kozéva	0	1	0.0
1222	Kèsed	0	2	0.0
1223	Kôsam	0	2	0.0
1224	La Dent	0	4	0.0
1225	Laban	7	28	0.2
1226	Lahad	0	66	0.0
1227	Lahmas	0	4	0.0
1228	Lahmi	0	5	0.0
1229	Lakish	0	1	0.0
1230	Lamek	0	6	0.0
1231	Lappidoth	0	2	0.0
1232	Laqqoum	0	4	0.0
1233	Laéda	0	2	0.0
1234	Laédân	0	2	0.0
1235	Laël	0	1	0.0
1236	Laïsh	0	2	0.0
1237	Le Puits	1	0	1.0
1238	Le Seigneur juge	0	11	0.0
1239	Levaoth	0	2	0.0
1240	Levona	0	2	0.0
1241	Liban	0	2	0.0
1242	Libye	0	1	0.0
1243	Libyen	0	1	0.0
1244	Lin	0	1	0.0
1245	Liqhi	0	6	0.0
1246	Livna	0	2	0.0
1247	Livni	0	15	0.0
1248	Lod	0	2	0.0
1249	Lodevar	0	4	0.0
1250	Loth	0	5	0.0
1251	Lotân	0	3	0.0
1252	Loud	0	6	0.0
1253	Louhith	0	4	0.0
1254	Louz	0	2	0.0
1255	Loïs	0	1	0.0
1256	Luc	0	1	0.0
1257	Lycie	0	1	0.0
1258	Lysanias	0	3	0.0
1259	Lysias	0	2	0.0
1260	Lèhi	0	2	0.0
1261	Lèsha	0	4	0.0
1262	Lèshem	0	1	0.0
1263	Léa	0	10	0.0
1264	Lévi	0	13	0.0
1265	Maadaï	0	2	0.0
1266	Maadya	0	119	0.0
1267	Maaka	0	16	0.0
1268	Maakath	0	3	0.0
1269	Maakatite	0	2	0.0
1270	Maarath	0	2	0.0
1271	Maaséya	0	9	0.0
1272	Maaséyahou	0	6	0.0
1273	Maazya	0	1	0.0
1274	Maazyahou	0	1	0.0
1275	Maaç	0	1	0.0
1276	Madiân	0	2	0.0
1277	Madmanna	0	2	0.0
1278	Madmén	0	2	0.0
1279	Madména	0	7	0.0
1280	Magdiël	0	1	0.0
1281	Magpiash	0	3	0.0
1282	Mahalalel	0	3	0.0
1283	Mahalath	0	3	0.0
1284	Mahanaïm	0	1	0.0
1285	Mahath	0	13	0.0
1286	Maher — Shalal — Hash — Baz — A Prompt — Butin — Proche — Pillage	0	1	0.0
1287	Mahli	0	2	0.0
1288	Mahraï	0	2	0.0
1289	Mahséya	0	1	0.0
1290	Makbannaï	0	2	0.0
1291	Makbéna	0	1	0.0
1292	Maki	0	1	0.0
1293	Makir	0	5	0.0
1294	Maknadevaï	0	1	0.0
1295	Makpéla	0	1	0.0
1296	Malchus	0	22	0.0
1297	Malkam	0	1	0.0
1298	Malki-Shoua	0	2	0.0
1299	Malkiram	0	3	0.0
1300	Malkiya	0	27	0.0
1301	Malkiélites	0	2	0.0
1302	Malkiël	0	1	0.0
1303	Malloti	0	6	0.0
1304	Mallouk	0	4	0.0
1305	Malte	0	7	0.0
1306	Mamré	0	2	0.0
1307	Manaen	0	3	0.0
1308	Manahath	0	6	0.0
1309	Manahtites	0	1	0.0
1310	Manassé	0	17	0.0
1311	Manoah	0	3	0.0
1312	Maok	0	1	0.0
1313	Maqehéloth	0	5	0.0
1314	Maqqéda	0	4	0.0
1315	Mara	0	1	0.0
1316	Marc	0	1	0.0
1317	Marie	12	6	0.6666666666666666
1318	Marratim	0	2	0.0
1319	Marsena	0	1	0.0
1320	Marthe	0	5	0.0
1321	Maréala	0	2	0.0
1322	Marésha	0	6	0.0
1323	Mashal	0	1	0.0
1324	Massa	0	1	0.0
1325	Massaï	0	1	0.0
1326	Mathan	0	2	0.0
1327	Mathousala	0	1	0.0
1328	Matred	0	1	0.0
1329	Matri	0	2	0.0
1330	Mattana	0	1	0.0
1331	Mattanyahou	0	1	0.0
1332	Mattatha	0	1	0.0
1333	Mattatta	0	2	0.0
1334	Mattenaï	0	4	0.0
1335	Matthat	0	2	0.0
1336	Matthias	0	1	0.0
1337	Matthieu	0	1	0.0
1338	Mattitya	0	6	0.0
1339	Mattityahou	0	1	0.0
1340	Mattân	0	2	0.0
1341	Maôn	0	4	0.0
1342	Medân	0	16	0.0
1343	Mefibosheth	0	7	0.0
1344	Meguiddo	0	1	0.0
1345	Mehola	0	2	0.0
1346	Mehoumân	0	1	0.0
1347	Mehouyaël	0	3	0.0
1348	Mehétavéel	0	63	0.0
1349	Mekona	0	1	0.0
1350	Mekératite	0	3	0.0
1351	Melatya	0	1	0.0
1352	Melchi	0	2	0.0
1353	Melikou	0	1	0.0
1354	Melkisédeq	0	4	0.0
1355	Memoukân	0	1	0.0
1356	Memphis	0	2	0.0
1357	Menahem	0	3	0.0
1358	Mer Morte	0	6	0.0
1359	Merari	0	1	0.0
1360	Meraya	0	1	0.0
1361	Merayoth	0	52	0.0
1362	Merémoth	0	4	0.0
1363	Meshillémith	0	1	0.0
1364	Meshillémoth	0	9	0.0
1365	Meshoullam	0	773	0.0
1366	Meshoullèmeth	0	1	0.0
1367	Meshovav	0	1	0.0
1368	Meshèlèmya	0	1	0.0
1369	Meshèlèmyahou	0	1	0.0
1370	Metoushaël	0	1	0.0
1371	Metoushèlah	0	3	0.0
1372	Mevounaï	0	1	0.0
1373	Michaël	0	1	0.0
1374	Michée	0	4	0.0
1375	Migdal-El	0	1	0.0
1376	Migdal-Gad	0	1	0.0
1377	Migdal-Sichem	0	2	0.0
1378	Migdol	0	2	0.0
1379	Mika	0	10	0.0
1380	Mikal	0	3	0.0
1381	Mikaya	0	2	0.0
1382	Mikayahou	0	2	0.0
1383	Mikayehou	0	21	0.0
1384	Mikaël	0	18	0.0
1385	Mikmas	0	1	0.0
1386	Mikri	0	17	0.0
1387	Milalaï	0	1	0.0
1388	Milet	0	1	0.0
1389	Milka	0	3	0.0
1390	Milkom	0	1	0.0
1391	Minni	0	3	0.0
1392	Minyamîn	0	24	0.0
1393	Miqloth	0	2	0.0
1394	Miqnéyahou	0	25	0.0
1395	Mirma	0	1	0.0
1396	Miryam	0	4	0.0
1397	Mishaël	0	22	0.0
1398	Mishma	0	2	0.0
1399	Mishmanna	0	1	0.0
1400	Mishraïte	0	1	0.0
1401	Mishéal	0	39	0.0
1402	Mishéam	0	2	0.0
1403	Mispar	0	1	0.0
1404	Misrefoth-Maïm	0	1	0.0
1405	Mithredath	0	7	0.0
1406	Mitnite	0	1	0.0
1407	Mitylène	0	1	0.0
1408	Mivhar	0	1	0.0
1409	Mivçar	0	1	0.0
1410	Miyamîn	0	4	0.0
1411	Miçpa	0	15	0.0
1412	Miçpé	0	2	0.0
1413	Moab	0	1	0.0
1414	Moabite	0	2	0.0
1415	Molada	0	1	0.0
1416	Molid	0	3	0.0
1417	Molèketh	0	1	0.0
1418	Moriyya	0	1	0.0
1419	Morèsheth-Gath	0	1	0.0
1420	Moré	0	3	0.0
1421	Mosséroth	0	181	0.0
1422	Mouppim	0	1	0.0
1423	Moushite	0	1	0.0
1424	Moça	0	1	0.0
1425	Moïse	0	8	0.0
1426	Mèdes	0	8	0.0
1427	Mèlek	0	1	0.0
1428	Mèrès	0	2	0.0
1429	Mèshek	0	2	0.0
1430	Méara	0	1	0.0
1431	Méfaath	0	2	0.0
1432	Méléa	0	14	0.0
1433	Méonotaï	0	7	0.0
1434	Méoun	0	5	0.0
1435	Méounim	0	2	0.0
1436	Méronotite	0	11	0.0
1437	Méroz	0	3	0.0
1438	Mésha	0	3	0.0
1439	Méshak	0	2	0.0
1440	Mê-Zahav	0	13	0.0
1441	Naam	0	1	0.0
1442	Naamite	0	4	0.0
1443	Naamân	0	7	0.0
1444	Naara	0	2	0.0
1445	Naaraï	0	1	0.0
1446	Naarân	0	1	0.0
1447	Naassôn	0	1	0.0
1448	Naboth	0	1	0.0
1449	Nabuchodonosor	0	1	0.0
1450	Nabucodonosor	0	1	0.0
1451	Nadab	0	18	0.0
1452	Nadav	0	4	0.0
1453	Nafish	0	4	0.0
1454	Naftouah	0	1	0.0
1455	Nahalal	0	1	0.0
1456	Nahaliël	0	1	0.0
1457	Nahalol	0	1	0.0
1458	Naham	0	1	0.0
1459	Nahash	0	2	0.0
1460	Nahath	0	4	0.0
1461	Nahor	0	2	0.0
1462	Nahshôn	0	1	0.0
1463	Narcisse	0	1	0.0
1464	Natân	0	29	0.0
1465	Naval	0	3	0.0
1466	Nayoth	0	2	0.0
1467	Neballat	0	1	0.0
1468	Nebayoth	0	6	0.0
1469	Nebou-Sarsekim	0	2	0.0
1470	Neboushazbân	0	1	0.0
1471	Nebouzaradân	0	1	0.0
1472	Neciah	0	7	0.0
1473	Neciv	0	1	0.0
1474	Nefishsim	0	23	0.0
1475	Neftoah	0	2	0.0
1476	Nehoum	0	2	0.0
1477	Nehoushta	0	5	0.0
1478	Nehoushtân	0	12	0.0
1479	Nehémya	0	1	0.0
1480	Nemouélite	0	1	0.0
1481	Nemouël	0	10	0.0
1482	Nemrod	0	1	0.0
1483	Nephtali	0	3	0.0
1484	Neqoda	0	3	0.0
1485	Nergal	0	3	0.0
1486	Netanya	0	33	0.0
1487	Netanyahou	0	4	0.0
1488	Netofa	0	1	0.0
1489	Netofatite	0	2	0.0
1490	Nevath	0	6	0.0
1491	Nibhaz	0	5	0.0
1492	Nicodème	0	3	0.0
1493	Nicolas	0	1	0.0
1494	Nicolaïte	0	80	0.0
1495	Nicopolis	0	12	0.0
1496	Niger	0	6	0.0
1497	Nil	0	1	0.0
1498	Nimra	0	2	0.0
1499	Nimrim	0	10	0.0
1500	Nimshi	0	1	0.0
1501	Ninive	0	6	0.0
1502	Nisrok	0	15	0.0
1503	Nivshân	0	16	0.0
1504	Noa	0	1	0.0
1505	Noadya	0	6	0.0
1506	Nod	0	110	0.0
1507	Nodav	0	2	0.0
1508	Nofah	0	10	0.0
1509	Nogah	0	31	0.0
1510	Noun	0	12	0.0
1511	Nov	0	3	0.0
1512	Novah	0	5	0.0
1513	Noémi	0	1	0.0
1514	Nubien	0	8	0.0
1515	Nèfèg	0	4	0.0
1516	Néa	0	8	0.0
1517	Néapolis	0	2	0.0
1518	Néarya	0	5	0.0
1519	Nébo	0	6	0.0
1520	Néhlamite	0	30	0.0
1521	Néko	0	7	0.0
1522	Nériya	0	49	0.0
1523	Névaï	0	1	0.0
1524	Néïel	0	2	0.0
1525	Obadiah	0	2	0.0
1526	Ocem	0	2	0.0
1527	Oded	0	1	0.0
1528	Ofaï	0	3	0.0
1529	Ofel	0	1	0.0
1530	Ofir	0	13	0.0
1531	Ofni	0	2	0.0
1532	Ofra	0	10	0.0
1533	Og	0	1	0.0
1534	Ohad	2	0	1.0
1535	Ohel	1	0	1.0
1536	Ohola	5	0	1.0
1537	Oholiav	0	5	0.0
1538	Oholiba	6	0	1.0
1539	Oholivama	0	8	0.0
1540	Okrân	0	3	0.0
1541	Omar	3	0	1.0
1542	Omri	0	12	0.0
1543	Onam	4	0	1.0
1544	One	0	5	0.0
1545	Ono	5	0	1.0
1546	Onân	0	8	0.0
1547	Orev	0	3	0.0
1548	Ornân	0	10	0.0
1549	Orèn	0	1	0.0
1550	Osée	0	2	0.0
1551	Otni	0	82	0.0
1552	Otniel	0	1	0.0
1553	Oufaz	0	2	0.0
1554	Oukal	0	1	0.0
1555	Oulam	0	4	0.0
1556	Oulaï	0	2	0.0
1557	Oulla	0	1	0.0
1558	Oum	0	1	0.0
1559	Ounni	0	3	0.0
1560	Our	3	2	0.6
1561	Ouri	0	8	0.0
1562	Ouriya	0	10	0.0
1563	Ouriyahou	0	3	0.0
1564	Ouriël	0	4	0.0
1565	Outaï	0	24	0.0
1566	Ouzal	0	2	0.0
1567	Ouzaï	0	1	0.0
1568	Ouzza	0	9	0.0
1569	Ouzzi	0	11	0.0
1570	Ouzziya	0	5	0.0
1571	Ouzziyahou	0	1	0.0
1572	Ouzziélite	0	1	0.0
1573	Ouzziël	0	30	0.0
1574	Ouzên-Shééra	0	1	0.0
1575	Ouç	0	5	0.0
1576	Ouël	0	1	0.0
1577	Ovadya	0	26	0.0
1578	Ovadyahou	0	4	0.0
1579	Oval	0	1	0.0
1580	Oved	0	20	0.0
1581	Oved-Edom	0	1	0.0
1582	Ovil	0	1	0.0
1583	Ovoth	0	4	0.0
1584	Ozias	0	14	0.0
1585	Oznite	1	0	1.0
1586	Paaraï	0	3	0.0
1587	Paddan-aram	0	1	0.0
1588	Padôn	0	9	0.0
1589	Paguiël	0	1	0.0
1590	Pahath-Moab	0	1	0.0
1591	Palal	0	1	0.0
1592	Pallou	0	2	0.0
1593	Pallouite	0	2	0.0
1594	Palti	0	1	0.0
1595	Para	0	1	0.0
1596	Parmashta	0	3	0.0
1597	Parnak	0	1	0.0
1598	Parshândata	0	1	0.0
1599	Parwaïm	0	1	0.0
1600	Parân	0	1	0.0
1601	Paréosh	0	11	0.0
1602	Pasak	0	1	0.0
1603	Pashehour	0	25	0.0
1604	Paséah	0	3	0.0
1605	Patros	0	1	0.0
1606	Paï	0	1	0.0
1607	Pedahel	0	1	0.0
1608	Pedahçour	0	6	0.0
1609	Pedaya	0	5	0.0
1610	Pedayahou	0	1	0.0
1611	Pelalya	0	2	0.0
1612	Pelatya	0	7	0.0
1613	Pelaya	0	17	0.0
1614	Pelonite	0	1	0.0
1615	Pelétiens	0	1	0.0
1616	Peniel	0	1	0.0
1617	Peninna	0	1	0.0
1618	Penouël	0	7	0.0
1619	Peqod	0	1	0.0
1620	Pergame	0	157	0.0
1621	Pergé	0	1	0.0
1622	Perida	0	1	0.0
1623	Perizzite	0	2	0.0
1624	Perouda	0	1	0.0
1625	Perse	0	1	0.0
1626	Persis	0	1	0.0
1627	Petahya	0	12	0.0
1628	Petor	0	274	0.0
1629	Petouël	0	2	0.0
1630	Phanuel	0	1	0.0
1631	Pharaon	0	11	0.0
1632	Pharisien	0	5	0.0
1633	Philippe	0	4	0.0
1634	Philippes	0	98	0.0
1635	Philistie	0	2	0.0
1636	Philistin	0	1	0.0
1637	Philétos	0	5	0.0
1638	Phygèle	0	16	0.0
1639	Phénicie	0	2	0.0
1640	Pi-Bèseth	0	1	0.0
1641	Pi-Hahiroth	0	1	0.0
1642	Pikol	0	10	0.0
1643	Pilate	0	1	0.0
1644	Pildash	0	1	0.0
1645	Pileha	0	1	0.0
1646	Piltaï	0	6	0.0
1647	Pinhas	0	10	0.0
1648	Pinôn	0	3	0.0
1649	Piréatôn	0	3	0.0
1650	Pisga	0	1	0.0
1651	Pishôn	0	1	0.0
1652	Pisidie	0	2	0.0
1653	Pispa	0	2	0.0
1654	Pitom	0	2	0.0
1655	Pitôn	0	2	0.0
1656	Porata	0	5	0.0
1657	Ports	0	9	0.0
1658	Poti-Phéra	0	1	0.0
1659	Potiphar	0	6	0.0
1660	Poua	0	15	0.0
1661	Poul	0	10	0.0
1662	Poura	0	2	0.0
1663	Pouth	0	1	0.0
1664	Poutites	0	2	0.0
1665	Poutiël	0	1	0.0
1666	Pouva	0	2	0.0
1667	Puissant	0	23	0.0
1668	Pâque	0	5	0.0
1669	Pâs-Dammim	0	1	0.0
1670	Pèleth	0	10	0.0
1671	Père	0	1	0.0
1672	Pèresh	0	2	0.0
1673	Péor	0	1	0.0
1674	Péoulletaï	0	1	0.0
1675	Péqah	0	7	0.0
1676	Péqahya	0	5	0.0
1677	Pérès-Ouza	0	1	0.0
1678	Qadesh-Barnéa	0	1	0.0
1679	Qadmiel	0	5	0.0
1680	Qadmonites	0	1	0.0
1681	Qallaï	0	1	0.0
1682	Qamôn	0	12	0.0
1683	Qana	0	4	0.0
1684	Qarqaa	0	1	0.0
1685	Qaïn	0	1	0.0
1686	Qehath	0	1	0.0
1687	Qehatites	0	3	0.0
1688	Qehélata	0	1	0.0
1689	Qelita	0	1	0.0
1690	Qemouël	0	2	0.0
1691	Qenath	0	3	0.0
1692	Qenaz	0	11	0.0
1693	Qenizzite	0	2	0.0
1694	Qeriyoth	0	6	0.0
1695	Qir	0	14	0.0
1696	Qir-Moab	0	1	0.0
1697	Qiryataïm	0	18	0.0
1698	Qiryath-Arba	0	1	0.0
1699	Qiryath-Baal	0	3	0.0
1700	Qish	0	8	0.0
1701	Qishyôn	0	1	0.0
1702	Qishôn	0	1	0.0
1703	Qivroth-Taawa	0	2	0.0
1704	Qivçaïm	0	1	0.0
1705	Qoa	0	5	0.0
1706	Qolaya	0	4	0.0
1707	Qorah	0	3	0.0
1708	Qoré	0	13	0.0
1709	Qoushayahou	0	11	0.0
1710	Quartus	0	1	0.0
1711	Quir-Hérès	0	1	0.0
1712	Quiriath-Yéarim	0	2	0.0
1713	Quirinius	0	1	0.0
1714	Qèdesh	0	2	0.0
1715	Qédma	0	1	0.0
1716	Qélaya	0	4	0.0
1717	Qénite	0	10	0.0
1718	Qénân	0	2	0.0
1719	Qéros	0	1	0.0
1720	Qéïla	0	1	0.0
1721	Raamya	0	1	0.0
1722	Rabba	0	2	0.0
1723	Rabbith	0	1	0.0
1724	Rachel	0	1	0.0
1725	Raddaï	0	1	0.0
1726	Rafa	0	1	0.0
1727	Rafou	0	1	0.0
1728	Rahab	0	24	0.0
1729	Raham	0	1	0.0
1730	Rakal	0	2	0.0
1731	Ram	5	40	0.1111111111111111
1732	Rama	0	11	0.0
1733	Ramataïm-Çofim	0	3	0.0
1734	Ramath au sud	0	1	0.0
1735	Ramath-Lèhi	0	1	0.0
1736	Ramoth	0	1	0.0
1737	Ramoth-de-Galaad	0	4	0.0
1738	Ramsès	0	1	0.0
1739	Ramya	0	4	0.0
1740	Raqqath	0	20	0.0
1741	Raqqôn	0	1	0.0
1742	Raéma	0	3	0.0
1743	Recîn	0	3	0.0
1744	Refaya	0	4	0.0
1745	Refaël	0	13	0.0
1746	Refaïte	0	1	0.0
1747	Refidim	0	1	0.0
1748	Rehavya	0	3	0.0
1749	Rehoum	0	39	0.0
1750	Rehov	0	16	0.0
1751	Rehovoth	0	3	0.0
1752	Reine du ciel	0	4	0.0
1753	Remalyahou	0	8	0.0
1754	Rezôn	0	1	0.0
1755	Rhodè	0	1	0.0
1756	Ricia	0	6	0.0
1757	Rifath	0	2	0.0
1758	Rimmôn	0	45	0.0
1759	Rimmôn-Pèrèç	0	1	0.0
1760	Rimmôna	0	2	0.0
1761	Rinna	0	2	0.0
1762	Ritma	0	1	0.0
1763	Rivaï	0	1	0.0
1764	Rivla	0	2	0.0
1765	Riçpa	0	1	0.0
1766	Roboam	0	1	0.0
1767	Roche de l'Incertitude	0	1	0.0
1768	Rocher	0	2	0.0
1769	Rocher du Serpent	0	1	0.0
1770	Rodanim	0	1	0.0
1771	Rohga	0	2	0.0
1772	Rosh	0	1	0.0
1773	Rouma	0	1	0.0
1774	Ruben	0	2	0.0
1775	Rubénite	0	8	0.0
1776	Ruth	0	4	0.0
1777	Rècef	0	1	0.0
1778	Rèfah	0	1	0.0
1779	Règuem	0	70	0.0
1780	Rèmeth	0	1	0.0
1781	Rèqem	0	10	0.0
1782	Rèshef	0	1	0.0
1783	Rèsèn	0	13	0.0
1784	Réaya	0	12	0.0
1785	Rébecca	0	3	0.0
1786	Réka	0	1	0.0
1787	Rékabite	0	1	0.0
1788	Rékav	0	18	0.0
1789	Réou	0	1	0.0
1790	Réouma	0	3	0.0
1791	Réouël	0	3	0.0
1792	Réélaya	0	2	0.0
1793	Réï	0	4	0.0
1794	Saba	0	1	0.0
1795	Sabéen	0	4	0.0
1796	Sadducéen	0	1	0.0
1797	Sadok	0	1	0.0
1798	Sadoq	0	1	0.0
1799	Saf	0	5	0.0
1800	Sala	0	1	0.0
1801	Salamine	0	1	0.0
1802	Salem	0	3	0.0
1803	Salka	0	2	0.0
1804	Sallaï	0	4	0.0
1805	Sallou	0	4	0.0
1806	Salma	0	3	0.0
1807	Salmanasar	0	1	0.0
1808	Salmonè	0	1	0.0
1809	Salomon	0	3	0.0
1810	Saluez	0	2	0.0
1811	Samarie	0	17	0.0
1812	Samaritain	0	2	0.0
1813	Samaritaine	0	1	0.0
1814	Samaritains	0	1	0.0
1815	Samos	0	2	0.0
1816	Samothrace	0	1	0.0
1817	Samson	0	2	0.0
1818	Samuel	0	3	0.0
1819	Sansanna	0	1	0.0
1820	Saoul	0	7	0.0
1821	Saphira	0	1	0.0
1822	Sara	0	3	0.0
1823	Saraf	0	1	0.0
1824	Saraï	0	1	0.0
1825	Sardes	0	2	0.0
1826	Sargon	0	13	0.0
1827	Sarid	0	1	0.0
1828	Sarècèr	0	1	0.0
1829	Saul	0	2	0.0
1830	Sauveur	0	1	0.0
1831	Savta	0	1	0.0
1832	Savteka	0	3	0.0
1833	Saül	0	3	0.0
1834	Scripture	0	2	0.0
1835	Scythe	0	2	0.0
1836	Scéva	0	9	0.0
1837	Secundus	0	9	0.0
1838	Sefar	0	1	0.0
1839	Sefarwaïm	0	10	0.0
1840	Sefarwaïtes	0	2	0.0
1841	Segouv	0	1	0.0
1842	Seigneur	0	1	0.0
1843	Sekaka	0	2	0.0
1844	Sem	0	1	0.0
1845	Semakyahou	0	1	0.0
1846	Semein	0	1	0.0
1847	Senaa	0	1	0.0
1848	Senir	0	5	0.0
1849	Seraya	0	47	0.0
1850	Seroug	0	1	0.0
1851	Seth	0	32	0.0
1852	Sevam	0	1	0.0
1853	Shaaf	0	111	0.0
1854	Shaalabbîn	0	1	0.0
1855	Shaalim	0	3	0.0
1856	Shaalvim	0	1	0.0
1857	Shaalvonite	0	1	0.0
1858	Shaaraïm	0	2	0.0
1859	Shaashgaz	0	1	0.0
1860	Shabtaï	0	9	0.0
1861	Shadrak	0	2	0.0
1862	Shafam	0	2	0.0
1863	Shafath	0	6	0.0
1864	Shafir	0	2	0.0
1865	Shafân	0	1	0.0
1866	Shagué	0	1	0.0
1867	Shahacima	0	1	0.0
1868	Shaharaïm	0	1	0.0
1869	Shalisha	0	2	0.0
1870	Shalloum	0	53	0.0
1871	Shallèketh	0	1	0.0
1872	Shalmaï	0	1	0.0
1873	Shalmân	0	1	0.0
1874	Shaltiel	0	16	0.0
1875	Shama	0	1	0.0
1876	Shamgar	0	2	0.0
1877	Shamhouth	0	1	0.0
1878	Shamir	0	18	0.0
1879	Shamma	0	12	0.0
1880	Shammaï	0	3	0.0
1881	Shammoth	0	1	0.0
1882	Shammoua	0	5	0.0
1883	Shamsheraï	0	1	0.0
1884	Shaoul	0	3	0.0
1885	Shaoulite	0	32	0.0
1886	Sharar	0	1	0.0
1887	Sharaï	0	1	0.0
1888	Sharonite	0	1	0.0
1889	Sharouhèn	0	2	0.0
1890	Sharôn	0	4	0.0
1891	Shashaï	0	1	0.0
1892	Shawsha	0	4	0.0
1893	Shawé	0	1	0.0
1894	Shedéour	0	1	0.0
1895	Shefam	0	1	0.0
1896	Shefatya	0	46	0.0
1897	Shefatyahou	0	11	0.0
1898	Shefi	0	2	0.0
1899	Shefo	0	1	0.0
1900	Shefoufam	0	3	0.0
1901	Shefoufân	0	1	0.0
1902	Sheharya	0	2	0.0
1903	Shekanya	0	1	0.0
1904	Shelomi	0	1	0.0
1905	Shelomith	0	73	0.0
1906	Shelomoth	0	1	0.0
1907	Shema	0	1	0.0
1908	Shemaa	0	1	0.0
1909	Shemarya	0	3	0.0
1910	Shemaryahou	0	1	0.0
1911	Shemaya	0	82	0.0
1912	Shemayahou	0	7	0.0
1913	Shemida	0	1	0.0
1914	Shemidaïte	0	1	0.0
1915	Shemiramoth	0	2	0.0
1916	Shemouël	0	2	0.0
1917	Sheshbaçar	0	1	0.0
1918	Shevanya	0	1	0.0
1919	Shevanyahou	0	1	0.0
1920	Shevouël	0	3	0.0
1921	Shifmite	0	1	0.0
1922	Shifra	0	4	0.0
1923	Shiftân	0	1	0.0
1924	Shiféï	0	1	0.0
1925	Shikemite	0	1	0.0
1926	Shikkarôn	0	1	0.0
1927	Shilehim	0	1	0.0
1928	Shilhi	0	2	0.0
1929	Shillem	0	3	0.0
1930	Shillémites	0	5	0.0
1931	Shilsha	0	1	0.0
1932	Shimrath	0	1	0.0
1933	Shimri	0	7	0.0
1934	Shimrith	0	3	0.0
1935	Shimronites	0	1	0.0
1936	Shimrôn	0	5	0.0
1937	Shimrôn-Merôn	0	1	0.0
1938	Shimshaï	0	1	0.0
1939	Shiméa	0	145	0.0
1940	Shiméam	0	293	0.0
1941	Shiméath	0	1	0.0
1942	Shiméatite	0	1	0.0
1943	Shiméï	0	25	0.0
1944	Shimôn	0	6	0.0
1945	Shinéar	0	2	0.0
1946	Shinéav	0	2	0.0
1947	Shishaq	0	1	0.0
1948	Shitraï	0	3	0.0
1949	Shivéa	0	1	0.0
1950	Shiza	0	1	0.0
1951	Shiôn	0	1	0.0
1952	Shoa	0	1	0.0
1953	Shofak	0	3	0.0
1954	Shomér	0	1	0.0
1955	Shoua	0	1	0.0
1956	Shouah	0	9	0.0
1957	Shoual	0	2	0.0
1958	Shoufamite	0	1	0.0
1959	Shouha	0	1	0.0
1960	Shouhamites	0	1	0.0
1961	Shoumatites	0	1	0.0
1962	Shounamite	0	1	0.0
1963	Shounem	0	14	0.0
1964	Shouni	0	54	0.0
1965	Shouppim	0	2	0.0
1966	Shour	0	2	0.0
1967	Shoutalhite	0	1	0.0
1968	Shoutèlah	0	6	0.0
1969	Shouvaël	0	3	0.0
1970	Shovak	0	4	0.0
1971	Shoval	0	3	0.0
1972	Shovav	0	9	0.0
1973	Shovaï	0	1	0.0
1974	Shovi	0	2	0.0
1975	Shèfer	0	1	0.0
1976	Shèkem	0	19	0.0
1977	Shèlah	0	12	0.0
1978	Shèlef	0	9	0.0
1979	Shèlèmya	0	5	0.0
1980	Shèlèmyahou	0	6	0.0
1981	Shèma	0	8	0.0
1982	Shèmed	0	1	0.0
1983	Shèmèr	0	7	0.0
1984	Shènaçar	0	1	0.0
1985	Shèresh	0	1	0.0
1986	Shèva	0	334	0.0
1987	Shèvèr	0	1	0.0
1988	Shéal	0	5	0.0
1989	Shéarya	0	1	0.0
1990	Shéla	0	1	0.0
1991	Shélanite	0	1	0.0
1992	Shélèsh	0	1	0.0
1993	Shérévya	0	1	0.0
1994	Shéshak	0	2	0.0
1995	Shéshaï	0	1	0.0
1996	Shéshân	0	1	0.0
1997	Shétar	0	1	0.0
1998	Shééra	0	2	0.0
1999	Sibbekaï	0	1	0.0
2000	Sichem	0	4	0.0
2001	Sidon	0	17	0.0
2002	Sidoniens	0	4	0.0
2003	Sihôn	0	4	0.0
2004	Sikkouth	0	1	0.0
2005	Silla	0	1	0.0
2006	Silo	0	1	0.0
2007	Siloé	0	2	0.0
2008	Simon	0	5	0.0
2009	Siméon	0	3	0.0
2010	Siméonite	0	1	0.0
2011	Sinite	0	1	0.0
2012	Sion	0	5	0.0
2013	Sippaï	0	3	0.0
2014	Sira	0	1	0.0
2015	Sisera	0	4	0.0
2016	Sismaï	0	4	0.0
2017	Sitna	0	2	0.0
2018	Sivma	0	1	0.0
2019	Sivraïm	0	5	0.0
2020	Siôn	0	4	0.0
2021	Smyrne	0	4	0.0
2022	Sodi	0	14	0.0
2023	Sodome	0	1	0.0
2024	Sofrites	0	1	0.0
2025	Soko	0	10	0.0
2026	Sopatros	0	1	0.0
2027	Sotaï	0	1	0.0
2028	Souah	0	1	0.0
2029	Souf	0	4	0.0
2030	Soukatite	0	2	0.0
2031	Soukkiyens	0	34	0.0
2032	Soukkoth	0	40	0.0
2033	Soukkoth-Benoth	0	2	0.0
2034	Sour	0	2	0.0
2035	Soussi	0	4	0.0
2036	Stéphanas	0	1	0.0
2037	Sulamite	0	3	0.0
2038	Suse	0	2	0.0
2039	Syène	0	1	0.0
2040	Sânballat	0	1	0.0
2041	Sèla	0	1	0.0
2042	Sèled	0	17	0.0
2043	Sèred	0	1	0.0
2044	Sédécias	0	7	0.0
2045	Séfarad	0	1	0.0
2046	Sékou	0	2	0.0
2047	Séleucie	0	2	0.0
2048	Séorim	0	1	0.0
2049	Sérouch	0	3	0.0
2050	Séïr	0	6	0.0
2051	Séïra	0	1	0.0
2052	Sîn	0	37	0.0
2053	Tabbaoth	0	1	0.0
2054	Tabbath	0	1	0.0
2055	Tabor	1	2	0.3333333333333333
2056	Tadmor	0	2	0.0
2057	Tafeth	0	2	0.0
2058	Tahath	0	8	0.0
2059	Tahkemonite	0	9	0.0
2060	Tahpenès	0	2	0.0
2061	Tahréa	0	8	0.0
2062	Tahân	0	2	0.0
2063	Talmaï	0	4	0.0
2064	Talmôn	0	1	0.0
2065	Tamah	0	2	0.0
2066	Tamar	0	2	0.0
2067	Tammouz	0	1	0.0
2068	Tanhoumeth	0	3	0.0
2069	Tanis	0	3	0.0
2070	Tappouah	0	2	0.0
2071	Tarse	0	2	0.0
2072	Tarshish	0	1	0.0
2073	Tarsis	0	2	0.0
2074	Tartaq	0	2	0.0
2075	Taréa	0	8	0.0
2076	Tatnaï	0	1	0.0
2077	Taveéra	0	1	0.0
2078	Tavrimmôn	0	1	0.0
2079	Tavéel	0	19	0.0
2080	Tehinna	0	3	0.0
2081	Tel-Aviv	0	2	0.0
2082	Tel-Mèlah	0	1	0.0
2083	Telaïm	0	1	0.0
2084	Teqoa	0	3	0.0
2085	Tevalyahou	0	1	0.0
2086	Thara	0	3	0.0
2087	Theudas	0	2	0.0
2088	Thomas	0	5	0.0
2089	Thèbes	0	1	0.0
2090	Théophile	0	6	0.0
2091	Tibère	0	1	0.0
2092	Tibériade	0	2	0.0
2093	Tidéal	0	2	0.0
2094	Tifsah	0	3	0.0
2095	Tiglath-Piléser	0	1	0.0
2096	Tigre	0	4	0.0
2097	Tilgath-Pilnéser	0	1	0.0
2098	Timna	0	22	0.0
2099	Timnath-Hèrès	0	1	0.0
2100	Timnath-Sèrah	0	1	0.0
2101	Timnite	0	5	0.0
2102	Tiqwa	0	15	0.0
2103	Tirhana	0	2	0.0
2104	Tirça	0	5	0.0
2105	Tite	0	1	0.0
2106	Tivhath	0	2	0.0
2107	Tivni	0	1	0.0
2108	Toah	0	5	0.0
2109	Tofel	0	1	0.0
2110	Togarma	0	1	0.0
2111	Tohou	0	1	0.0
2112	Tola	0	9	0.0
2113	Tolad	0	2	0.0
2114	Tolaïte	0	1	0.0
2115	Toou	0	1	0.0
2116	Toubal	0	1	0.0
2117	Toubal-Caïn	0	3	0.0
2118	Tov	0	1	0.0
2119	Toviyahou	0	4	0.0
2120	Toï	0	2	0.0
2121	Trachonitide	0	2	0.0
2122	Très-Haut	0	2	0.0
2123	Tychique	0	2	0.0
2124	Tyr	0	5	0.0
2125	Tyrannos	0	1	0.0
2126	Tèlah	0	8	0.0
2127	Tèresh	0	1	0.0
2128	Tèvah	0	48	0.0
2129	Téma	0	1	0.0
2130	Urie	26	0	1.0
2131	Val des Hyènes	0	10	0.0
2132	Vallée de Baca	0	6	0.0
2133	Vasti	0	1	0.0
2134	Waheb	0	6	0.0
2135	Wanya	0	1	0.0
2136	Waïzata	0	4	0.0
2137	Wedân	0	1	0.0
2138	Wofsi	0	4	0.0
2139	Xerxès	0	32	0.0
2140	Yaala	0	2	0.0
2141	Yaaqova	0	1	0.0
2142	Yaaqân	0	4	0.0
2143	Yaarèshya	0	349	0.0
2144	Yaaré-Oreguim	0	1	0.0
2145	Yaasaï	0	1	0.0
2146	Yaasiël	0	2	0.0
2147	Yaaziyahou	0	1	0.0
2148	Yaaziël	0	4	0.0
2149	Yabal	0	4	0.0
2150	Yabboq	0	1	0.0
2151	Yada	0	3	0.0
2152	Yaddaï	0	1	0.0
2153	Yaddoua	0	1	0.0
2154	Yadôn	0	1	0.0
2155	Yafia	0	3	0.0
2156	Yafleth	0	1	0.0
2157	Yaflétite	0	4	0.0
2158	Yagour	0	1	0.0
2159	Yahaciël	0	1	0.0
2160	Yahath	0	5	0.0
2161	Yahaziël	0	17	0.0
2162	Yahceélites	0	2	0.0
2163	Yahcéel	0	1	0.0
2164	Yahdaï	0	1	0.0
2165	Yahdiël	0	32	0.0
2166	Yahdo	0	2	0.0
2167	Yahleélites	0	1	0.0
2168	Yahléel	0	3	0.0
2169	Yahmaï	0	2	0.0
2170	Yahzeya	0	1	0.0
2171	Yahzéra	0	2	0.0
2172	Yahça	0	4	0.0
2173	Yakinite	0	1	0.0
2174	Yakîn	0	9	0.0
2175	Yalôn	0	1	0.0
2176	Yaminite	0	2	0.0
2177	Yamlek	0	1	0.0
2178	Yamîn	0	31	0.0
2179	Yanoah	0	4	0.0
2180	Yanoum	0	1	0.0
2181	Yaqim	0	2	0.0
2182	Yaqè	0	1	0.0
2183	Yarha	0	1	0.0
2184	Yariv	0	4	0.0
2185	Yarmouth	0	2	0.0
2186	Yaroah	0	1	0.0
2187	Yashouv	0	2	0.0
2188	Yashouvite	0	3	0.0
2189	Yashovéam	0	1	0.0
2190	Yashén	0	1	0.0
2191	Yattir	0	4	0.0
2192	Yavesh	0	2	0.0
2193	Yavné	0	7	0.0
2194	Yavnéel	0	4	0.0
2195	Yavân	0	12	0.0
2196	Yavîn	0	53	0.0
2197	Yaziz	0	4	0.0
2198	Yazér	0	1	0.0
2199	Yaébeç	0	2	0.0
2200	Yaékân	0	1	0.0
2201	Yaélâm	0	1	0.0
2202	Yaël	0	1	0.0
2203	Yaïr	0	4	0.0
2204	Yaïrite	0	1	0.0
2205	Yedaya	0	26	0.0
2206	Yediaël	0	4	0.0
2207	Yedida	0	1	0.0
2208	Yedidya	0	1	0.0
2209	Yefounnè	0	2	0.0
2210	Yehallélel	0	5	0.0
2211	Yehezqel	0	1	0.0
2212	Yehiya	0	1	0.0
2213	Yehizqiya	0	1	0.0
2214	Yehizqiyahou	0	1	0.0
2215	Yehiélites	0	1	0.0
2216	Yehiël	0	50	0.0
2217	Yehoadda	0	3	0.0
2218	Yehoaddân	0	1	0.0
2219	Yehohanân	0	6833	0.0
2220	Yehonatân	0	21	0.0
2221	Yehosadaq	0	3	0.0
2222	Yehoshafath	0	206	0.0
2223	Yehoshavath	0	8	0.0
2224	Yehoshèva	0	2	0.0
2225	Yehoubba	0	3	0.0
2226	Yehoud	0	4	0.0
2227	Yehoudith	0	6	0.0
2228	Yehoukal	0	1	0.0
2229	Yehoyada	0	3	0.0
2230	Yehoyariv	0	50	0.0
2231	Yehozavad	0	92	0.0
2232	Yekolya	0	4	0.0
2233	Yekolyahou	0	2	0.0
2234	Yekonya	0	3	0.0
2235	Yemouël	0	1	0.0
2236	Yeqamya	0	1	0.0
2237	Yeqaméam	0	1	0.0
2238	Yerahmeélites	0	1	0.0
2239	Yerahméel	0	4	0.0
2240	Yeramoth	0	2	0.0
2241	Yerimoth	0	8	0.0
2242	Yerioth	0	1	0.0
2243	Yerivaï	0	2	0.0
2244	Yeriya	0	1	0.0
2245	Yeriyahou	0	1	0.0
2246	Yeriël	0	6	0.0
2247	Yeroham	0	734	0.0
2248	Yeroubbèsheth	0	1	0.0
2249	Yerouel	0	14	0.0
2250	Yerousha	0	6	0.0
2251	Yerémaï	0	1	0.0
2252	Yerémoth	0	10	0.0
2253	Yeshana	0	8	0.0
2254	Yeshaya	0	1	0.0
2255	Yeshayahou	0	2	0.0
2256	Yeshishaï	0	1	0.0
2257	Yeshohaya	0	2	0.0
2258	Yeteth	0	10	0.0
2259	Yetour	0	1	0.0
2260	Yevèrèkyahou	0	1	0.0
2261	Yezanyahou	0	2	0.0
2262	Yeziël	0	1	0.0
2263	Yicehar	0	11	0.0
2264	Yiceharites	0	1	0.0
2265	Yiceri	0	4	0.0
2266	Yidbash	0	2	0.0
2267	Yidlaf	0	1	0.0
2268	Yidéala	0	1	0.0
2269	Yifdeya	0	1	0.0
2270	Yiftah	0	2	0.0
2271	Yigdalyahou	0	3	0.0
2272	Yiguéal	0	9	0.0
2273	Yimla	0	4	0.0
2274	Yimna	0	10	0.0
2275	Yimra	0	1	0.0
2276	Yiriya	0	1	0.0
2277	Yirmeya	0	3	0.0
2278	Yirmeyahou	0	6	0.0
2279	Yirpéel	0	11	0.0
2280	Yiréôn	0	1	0.0
2281	Yishbah	0	3	0.0
2282	Yishbaq	0	1	0.0
2283	Yishbi-be-Nov	0	42	0.0
2284	Yishiya	0	3	0.0
2285	Yishiyahou	0	38	0.0
2286	Yishma	0	3	0.0
2287	Yishmaya	0	2	0.0
2288	Yishmayahou	0	1	0.0
2289	Yishmaël	0	22	0.0
2290	Yishmeraï	0	1	0.0
2291	Yishpa	0	3	0.0
2292	Yishpân	0	32	0.0
2293	Yishwa	0	2	0.0
2294	Yishwi	0	4	0.0
2295	Yishéï	0	3	0.0
2296	Yiska	0	1	0.0
2297	Yismakyahou	0	2	0.0
2298	Yitra	0	1	0.0
2299	Yitrite	0	1	0.0
2300	Yitrân	0	2	0.0
2301	Yitréam	0	1	0.0
2302	Yivhar	0	1	0.0
2303	Yivléâm	0	41	0.0
2304	Yivneya	0	3	0.0
2305	Yivniya	0	1	0.0
2306	Yivsam	0	1	0.0
2307	Yizlia	0	19	0.0
2308	Yizrahite	0	1	0.0
2309	Yizrahya	0	2	0.0
2310	Yizziya	0	1	0.0
2311	Yoah	0	151	0.0
2312	Yoahaz	0	6	0.0
2313	Yoakhaz	0	62	0.0
2314	Yoash	0	18	0.0
2315	Yoav	0	1	0.0
2316	Yocméam	0	7	0.0
2317	Yogboha	0	21	0.0
2318	Yogli	0	1	0.0
2319	Yoha	0	3	0.0
2320	Yohanân	0	25	0.0
2321	Yokèvèd	0	1	0.0
2322	Yonadav	0	51	0.0
2323	Yonatan	0	30	0.0
2324	Yonatân	0	75	0.0
2325	Yoqim	0	1	0.0
2326	Yoqnéam	0	1	0.0
2327	Yoqshân	0	1	0.0
2328	Yoqtân	0	1	0.0
2329	Yoqtéel	0	3	0.0
2330	Yora	0	1	0.0
2331	Yoram	0	14	0.0
2332	Yoraï	0	1	0.0
2333	Yorqéam	0	2	0.0
2334	Yosadaq	0	1	0.0
2335	Yosha	0	13	0.0
2336	Yoshafath	0	2	0.0
2337	Yoshawya	0	1	0.0
2338	Yoshbeqasha	0	1	0.0
2339	Yoshivya	0	5	0.0
2340	Yoshiya	0	43	0.0
2341	Yosifya	0	6	0.0
2342	Yotam	0	3	0.0
2343	Yotva	0	2	0.0
2344	Yotvata	0	2	0.0
2345	Youbal	0	2	0.0
2346	Youkal	0	4	0.0
2347	Youtta	0	2	0.0
2348	Yov	0	2	0.0
2349	Yovav	0	37	0.0
2350	Yoyada	0	3	0.0
2351	Yoyakîn	0	2	0.0
2352	Yoyaqim	0	6	0.0
2353	Yoyariv	0	8	0.0
2354	Yozavad	0	5	0.0
2355	Yoèzèr	0	2	0.0
2356	Yoéla	0	208	0.0
2357	Yoëd	0	1	0.0
2358	Yoël	0	15	0.0
2359	Yèhdeyahou	0	2	0.0
2360	Yèrah	0	1	0.0
2361	Yèred	0	15	0.0
2362	Yèshèvéav	0	1	0.0
2363	Yètèr	0	5	0.0
2364	Yéhou	0	1	0.0
2365	Yéiël	0	27	0.0
2366	Yéoush	0	6	0.0
2367	Yéouç	0	1	0.0
2368	Yéouël	0	1	0.0
2369	Yéshoua	0	19	0.0
2370	Zaawân	0	2	0.0
2371	Zabbaï	0	1	0.0
2372	Zabulon	0	2	0.0
2373	Zabulonite	0	1	0.0
2374	Zacharie	0	6	0.0
2375	Zaham	0	9	0.0
2376	Zakkaï	0	1	0.0
2377	Zakkour	0	7	0.0
2378	Zamzoummites	0	7	0.0
2379	Zanoah	0	1	0.0
2380	Zarhites	0	4	0.0
2381	Zattou	0	1	0.0
2382	Zavad	0	15	0.0
2383	Zavdi	0	5	0.0
2384	Zavdiël	0	6	0.0
2385	Zavoud	0	2	0.0
2386	Zaza	0	5	0.0
2387	Zekarya	0	8	0.0
2388	Zekaryahou	0	33	0.0
2389	Zemira	0	1	0.0
2390	Zerahya	0	2	0.0
2391	Zevadya	0	5	0.0
2392	Zevadyahou	0	3	0.0
2393	Zevidda	0	1	0.0
2394	Zevina	0	44	0.0
2395	Zevoul	0	3	0.0
2396	Zif	0	3	0.0
2397	Zifa	0	1	0.0
2398	Zifrôn	0	1	0.0
2399	Zikri	0	18	0.0
2400	Zilpa	0	1	0.0
2401	Zimma	0	3	0.0
2402	Zimri	0	4	0.0
2403	Zimrân	0	8	0.0
2404	Ziza	0	4	0.0
2405	Zoheth	0	1	0.0
2406	Zorobabel	0	7	0.0
2407	Zouzite	0	1	0.0
2408	Zèkèr	0	1	0.0
2409	Zèresh	0	1	0.0
2410	Zèvah	0	1	0.0
2411	Zéev	0	1	0.0
2412	Zénas	0	25	0.0
2413	Zérah	0	39	0.0
2414	Zéred	0	1	0.0
2415	Zétam	0	5	0.0
2416	Zétar	0	3	0.0
2417	Zétân	0	7	0.0
2418	abomination	0	4	0.0
2419	abricot	0	8	0.0
2420	absinthe [plante	0	23	0.0
2421	acacia	0	3	0.0
2422	accusateur	0	2	0.0
2423	acheter	0	2	0.0
2424	acquitter	0	3	0.0
2425	action de faire paître	0	4	0.0
2426	actions ou mots idiots	0	3	0.0
2427	adorer	0	9	0.0
2428	adresse	0	24	0.0
2429	adv. injustement	0	2	0.0
2430	adv. légalement	0	1	0.0
2431	agate	0	2	0.0
2432	agir par méchanceté	0	1	0.0
2433	agiter	0	2	0.0
2434	agnelle	0	1	0.0
2435	aide	0	13	0.0
2436	aider	0	1	0.0
2437	aider à obtenir justice	0	3	0.0
2438	aigle de mer	0	1	0.0
2439	aigle-vautour ou espèce de volaille	0	1	0.0
2440	aiguille	0	1	0.0
2441	aiguille de fer	0	1	0.0
2442	aiguillon	0	4	0.0
2443	aiguillon de boeuf	0	2	0.0
2444	ail	0	1	0.0
2445	aimant son mari	0	1	0.0
2446	aimer	0	14	0.0
2447	aire de Kidôn	0	1	0.0
2448	aire de battage	0	4	0.0
2449	aller droit devant	0	1	0.0
2450	alliance	0	2	0.0
2451	alliance consacrée par le sel	0	2	0.0
2452	alène	0	1	0.0
2453	amalécite	0	1	0.0
2454	amandier	0	2	0.0
2455	amener sain et sauf	0	59	0.0
2456	amour	0	26	0.0
2457	ancien	0	2	0.0
2458	ancre	0	1	0.0
2459	animal	0	1	0.0
2460	animaux	0	4	0.0
2461	anneau	0	1	0.0
2462	antilope	0	1	0.0
2463	apaiser	0	1	0.0
2464	apostolat	0	1	0.0
2465	appeler	0	1	0.0
2466	appui	0	1	0.0
2467	appétit	0	2	0.0
2468	apôtre	0	1	0.0
2469	araméen	4	0	1.0
2470	arbre	0	4	0.0
2471	arbre de casse	0	26	0.0
2472	ardeur	0	4	0.0
2473	argent	0	1	0.0
2474	armée du ciel: objets célestes	0	4	0.0
2475	armée du ciel: êtres célestes	0	4	0.0
2476	assarion	0	2	0.0
2477	association	0	1	0.0
2478	astrologues	0	7	0.0
2479	atteindre	0	2	0.0
2480	attirail	0	12	0.0
2481	au-dessus de tout reproche	0	3	0.0
2482	autel	0	7	0.0
2483	autorité	0	2	0.0
2484	autruche	0	8	0.0
2485	avis	0	13	0.0
2486	avoir de la puissance	0	1	0.0
2487	avoir le pouvoir sur	0	1	0.0
2488	balance	0	3	0.0
2489	balances	0	2	0.0
2490	barque	0	1	0.0
2491	barricade	0	1	0.0
2492	bassine	0	13	0.0
2493	baume	0	1	0.0
2494	benir	0	1	0.0
2495	bercail	0	4	0.0
2496	bergerie	0	15	0.0
2497	bien	1	13	0.07142857142857142
2498	bien-aimé	0	2	0.0
2499	bienfaiteur	0	1	0.0
2500	bienveillant	0	13	0.0
2501	bienveillantes	0	1	0.0
2502	bivouac	0	1	0.0
2503	blanchir	0	1	0.0
2504	blé	0	2	0.0
2505	bois	0	8	0.0
2506	bonheur	0	1	0.0
2507	bonté	0	6	0.0
2508	bouc	0	3	0.0
2509	bouclier	0	3	0.0
2510	bouquetin	0	1	0.0
2511	branche	0	2	0.0
2512	branche feuillue	0	12	0.0
2513	brebis	0	2	0.0
2514	bride	0	15	0.0
2515	brique	0	46	0.0
2516	brocheur	0	1	0.0
2517	buffle	0	1	0.0
2518	bât du chameau	0	1	0.0
2519	bâton	0	6	0.0
2520	béni	0	2	0.0
2521	béryl	0	1	0.0
2522	bétail	0	4	0.0
2523	bœuf	0	5	0.0
2524	cadeau	0	1	0.0
2525	cage	0	3	0.0
2526	calébite	0	27	0.0
2527	caméléon	0	2	0.0
2528	canelle	0	1	0.0
2529	canne	0	1	0.0
2530	cantaloupe	0	14	0.0
2531	capacité	0	19	0.0
2532	capture	0	1	0.0
2533	cartable	0	1	0.0
2534	cassette	0	4	0.0
2535	causer des divisions	0	13	0.0
2536	ce qui cause le péché ou donne l'occasion de pécher	0	1	0.0
2537	ce qui cause le trébuchement ou l'offense	0	6	0.0
2538	celui qui connait les coeurs	0	1	0.0
2539	chacal	0	2	0.0
2540	chalut	0	1	0.0
2541	chambre	0	29	0.0
2542	chambre haute	0	1	0.0
2543	chameau	0	4	0.0
2544	chandelier	0	3	0.0
2545	charbon	0	1	0.0
2546	chardon	0	2	0.0
2547	charger	0	290	0.0
2548	chariot	0	4	0.0
2549	charpentiers	0	1	0.0
2550	chauve-souris	0	1	0.0
2551	chaux	0	1	0.0
2552	chaîne	0	1	0.0
2553	chef	1	33	0.029411764705882353
2554	chemin	0	3	0.0
2555	cheval	0	7	0.0
2556	cheville	0	1	0.0
2557	chevreau	0	1	0.0
2558	chien	0	1	0.0
2559	chose	0	2	0.0
2560	chose amère	0	1	0.0
2561	chose sainte	0	3	0.0
2562	chouette	0	3	0.0
2563	chouette chevêche	0	1	0.0
2564	chèvre	0	11	0.0
2565	cigogne	0	1	0.0
2566	cigüe	0	6	0.0
2567	cité	0	1	0.0
2568	clair	0	2	0.0
2569	clan des Yiçrites	0	9	0.0
2570	clou	0	1	0.0
2571	clôture	0	1	0.0
2572	cochon	0	6	0.0
2573	coeur	0	1	0.0
2574	collyre	0	8	0.0
2575	colombe	0	2	0.0
2576	commandant	0	9	0.0
2577	commencement	0	10	0.0
2578	commettre l'adultère	0	2	0.0
2579	communauté	0	2	0.0
2580	compassion	0	1	0.0
2581	compatissant	0	30	0.0
2582	compréhension	0	6	0.0
2583	compte	0	1	0.0
2584	concernant la loi	0	1	0.0
2585	concerner un moulin	0	1	0.0
2586	concubine	0	2	0.0
2587	condamnation	0	17	0.0
2588	condamner	0	4	0.0
2589	condamner comme coupable	0	1	0.0
2590	conduire	0	15	0.0
2591	confesser	0	1	0.0
2592	considérer chanceux ou heureux	0	1	0.0
2593	contraire de saint: profane	0	2	0.0
2594	contribution	0	2	0.0
2595	coq	0	3	0.0
2596	corail	0	1	0.0
2597	corail noir	0	19	0.0
2598	corbeau	0	1	0.0
2599	corde	0	17	0.0
2600	corde pour mesurer	0	2	0.0
2601	cordeau	0	2	0.0
2602	coriandre	0	1	0.0
2603	cormoran	0	2	0.0
2604	corne	0	4	0.0
2605	corps célestes	0	3	0.0
2606	corruption	0	8	0.0
2607	coupable de	0	2	0.0
2608	courge	0	1	0.0
2609	couronne	0	4	0.0
2610	couteau	0	4	0.0
2611	craindre	0	3	0.0
2612	crainte	0	4	0.0
2613	craintif	0	9	0.0
2614	criquet	0	2	0.0
2615	crochet	0	3	0.0
2616	croix	0	1	0.0
2617	cruche	0	1	0.0
2618	crucifier	0	1	0.0
2619	crête de montagne	0	1	0.0
2620	cumin	0	2	0.0
2621	cuve	0	111	0.0
2622	cyprè	0	1	0.0
2623	cyprès	0	5	0.0
2624	d'Abraham	0	3	0.0
2625	d'Adoullam	0	1	0.0
2626	d'Eqrôn	0	10	0.0
2627	d'Izréel	0	1	0.0
2628	d'Ozni	1	0	1.0
2629	daim	0	4	0.0
2630	daman	0	1	0.0
2631	dauphin	0	2	0.0
2632	de Babylone	0	1	0.0
2633	de Dedân	0	6	0.0
2634	de Gouni	0	4	0.0
2635	de Ha-Shiloni	0	1	0.0
2636	de Haggui	0	1	0.0
2637	de Harouf	0	2	0.0
2638	de Housha	0	4	0.0
2639	de Juda	5	2	0.7142857142857143
2640	de Karmel	0	3	0.0
2641	de Manassé	0	1	0.0
2642	de Nubie	0	2	0.0
2643	de Saba	0	1	0.0
2644	de Salma	0	1	0.0
2645	de Silo	0	2	0.0
2646	de Suse	0	2	0.0
2647	de Thessalonique	0	1	0.0
2648	de Tyr	0	2	0.0
2649	de Zif	0	1	0.0
2650	de l'olivier sauvage	0	73	0.0
2651	de la province d'Asie	0	1	0.0
2652	de verre	0	1	0.0
2653	de Çova	0	2	0.0
2654	deception	0	10	0.0
2655	decider	0	1	0.0
2656	declarer solennellement et catégoriquement	0	1	0.0
2657	demande	0	1	0.0
2658	depuis toujours	0	6	0.0
2659	des plantations	0	5	0.0
2660	destin	0	1	0.0
2661	diadème	0	1	0.0
2662	disciple	0	3	0.0
2663	discrétion	0	2	0.0
2664	divination	0	2	0.0
2665	divinité	0	27	0.0
2666	docteur de la Loi	0	1	0.0
2667	don	0	1	0.0
2668	don de la loi	0	1	0.0
2669	dragon	0	1	0.0
2670	droit	0	1	0.0
2671	droiture	0	5	0.0
2672	décision	0	1	0.0
2673	déclarer innocent	0	3	0.0
2674	découpage	0	1	0.0
2675	découper	0	13	0.0
2676	dédicace	0	11	0.0
2677	dédicacer	0	1	0.0
2678	défection	0	1	0.0
2679	délice	0	5	0.0
2680	déliver	0	2	0.0
2681	démon	0	4	0.0
2682	déposséder	0	1	0.0
2683	désirer ardemment	0	1	0.0
2684	détruire complètement	0	7	0.0
2685	dévot	0	29	0.0
2686	en bois	0	1	0.0
2687	en fonction	0	1	0.0
2688	en judéen	0	813	0.0
2689	en toute sécurité	0	4	0.0
2690	encens	0	1	0.0
2691	encensoir	0	6	0.0
2692	enchaîné dans l'obscurité	0	2	0.0
2693	encre	0	14	0.0
2694	enduire	0	5	0.0
2695	enfer	0	1	0.0
2696	engraissé	0	3	0.0
2697	ennemi	0	1	0.0
2698	ensouple	0	1	0.0
2699	espoir	0	7	0.0
2700	esprit	0	3	0.0
2701	eternal	0	1	0.0
2702	eternel	0	11	0.0
2703	excommunier ou bannir de la synagogue	0	14	0.0
2704	excréments	0	4	0.0
2705	exempt	0	1	0.0
2706	exercer comme prêtre	0	8	0.0
2707	expiation	0	4	0.0
2708	faire du bien	0	1	0.0
2709	faire sacré	0	6	0.0
2710	faire un voeu	0	18	0.0
2711	faire vivre	0	1	0.0
2712	fait de fin lin	0	1	0.0
2713	fard	0	2	0.0
2714	favoritisme	0	3	0.0
2715	façon d'être	0	1	0.0
2716	femme disciple	0	1	0.0
2717	feuille	0	3	0.0
2718	figue	0	3	0.0
2719	figue tardive	0	1	0.0
2720	fil	0	2	0.0
2721	filet	0	7	0.0
2722	filet de pêche	0	2	0.0
2723	fils	0	2	0.0
2724	fils d'Avinadav	0	1	0.0
2725	fils de Dèqèr	0	1	0.0
2726	fils de Guèvèr	0	1	0.0
2727	fils de Hour	0	1	0.0
2728	fils de Hèsed	0	1	0.0
2729	fils de Zoheth	0	23	0.0
2730	fin de l'âge	0	7	0.0
2731	fin lin	0	8	0.0
2732	fleur	0	10	0.0
2733	flèche	0	5	0.0
2734	flûte	0	1	0.0
2735	foin	0	5	0.0
2736	fonctionnaire	0	1	0.0
2737	fonctionnaire de la cour	0	1	0.0
2738	fondation	0	1	0.0
2739	fondre	0	1	0.0
2740	force	0	1	0.0
2741	forger	0	5	0.0
2742	forteresse	0	1	0.0
2743	fourche	0	1	0.0
2744	fourmi	0	1	0.0
2745	frein	0	1	0.0
2746	frelon	0	4	0.0
2747	fête de la Récolte	0	62	0.0
2748	fête des Tentes	0	2	0.0
2749	fête déterminée	0	16	0.0
2750	genre	0	14	0.0
2751	genre de texture	0	2	0.0
2752	gens de Einâm	0	1	0.0
2753	genévrier grec	0	1	0.0
2754	genêt	0	5	0.0
2755	gerbe	0	1	0.0
2756	gerbes	0	106	0.0
2757	gloire	0	2	0.0
2758	gloire sublime	0	19	0.0
2759	gouverneur	0	3	0.0
2760	gouverneur d'une province	0	3	0.0
2761	grain	0	1	0.0
2762	grain encore debout	0	2	0.0
2763	graine	0	1	0.0
2764	grandes œuvres	0	2	0.0
2765	grappe	0	1	0.0
2766	gravure	0	1	0.0
2767	grenouille	0	14	0.0
2768	grillon	0	2	0.0
2769	grâce	0	35	0.0
2770	guérir	0	3	0.0
2771	guérison	0	22	0.0
2772	géants	0	1	0.0
2773	habillement	0	1	0.0
2774	habit de sac	0	1	0.0
2775	hache	0	5	0.0
2776	haissant Dieu	0	3	0.0
2777	hameçon	0	1	0.0
2778	haricot	0	5	0.0
2779	harpe	0	1	0.0
2780	harpon	0	4	0.0
2781	haut	0	3	0.0
2782	hauteur	0	1	0.0
2783	herbe	0	25	0.0
2784	herbe amère	0	12	0.0
2785	hibou	0	2	0.0
2786	hirondelle	0	2	0.0
2787	holocauste	0	1	0.0
2788	hommage	0	1	0.0
2789	homme	2	9	0.18181818181818182
2790	homme employé	0	1	0.0
2791	honneur	0	2	0.0
2792	honnêteté	0	1	0.0
2793	honorer	0	1	0.0
2794	horreur	0	4	0.0
2795	houe	0	24	0.0
2796	huile	0	1	0.0
2797	huppe	0	2	0.0
2798	hysope	0	1	0.0
2799	héraut	0	1	0.0
2800	hériter	0	110	0.0
2801	héritier	0	1	0.0
2802	idole	0	7	0.0
2803	idole en forme du veau	0	1	0.0
2804	image fondue	0	5	0.0
2805	imprécation	0	1	0.0
2806	impur	0	1	0.0
2807	impureté	0	6	0.0
2808	incantations	0	1	0.0
2809	inciconcision	0	1	0.0
2810	infidélité	0	5	0.0
2811	innocent	0	1	0.0
2812	inspiré par Dieu	0	6	0.0
2813	jarre d'eau	0	1	0.0
2814	jeune taureau	0	1	0.0
2815	jeune vache	0	9	0.0
2816	jeûner	0	1	0.0
2817	joueur de flûte	0	1	0.0
2818	joueur de harpe	0	3	0.0
2819	joug	0	8	0.0
2820	judicieux	0	6	0.0
2821	jugement	0	9	0.0
2822	juger	0	2	0.0
2823	juif	0	9	0.0
2824	juste	0	4	0.0
2825	justifier	0	1	0.0
2826	l'adversaire	0	14	0.0
2827	l'homme des steppes	0	1	0.0
2828	l'officier supérieur	0	1	0.0
2829	la connaissance	0	3	0.0
2830	la haie	0	1	0.0
2831	la plaine	0	1	0.0
2832	la plupart de pl. possessions	0	2	0.0
2833	la rivière	0	8	0.0
2834	laine	0	16	0.0
2835	laisser faire racheter	0	1	0.0
2836	lamentation	0	1	0.0
2837	lampe	0	1	0.0
2838	lanterne	0	1	0.0
2839	lavement rituel	0	4	0.0
2840	le diable	0	4	0.0
2841	le repos du Sabbat	0	2	0.0
2842	lentille	0	8	0.0
2843	les ténèbres du dehors	0	51	0.0
2844	levain	0	7	0.0
2845	levér	0	2	0.0
2846	libérateur	0	1	0.0
2847	libération	0	1	0.0
2848	lier des gerbes	0	1	0.0
2849	lier énsemble	0	2	0.0
2850	lieu de logement	0	1	0.0
2851	limite	0	6	0.0
2852	lin	0	28	0.0
2853	lion	0	2	0.0
2854	lis	0	1	0.0
2855	livrer	0	6	0.0
2856	locust	0	1	0.0
2857	loi	0	2	0.0
2858	louange	0	2	0.0
2859	louer	0	1	0.0
2860	loup	0	1	0.0
2861	lèpre	0	2	0.0
2862	léopard	0	3	0.0
2863	lévitique	0	3	0.0
2864	lézard	0	293	0.0
2865	lézard des sables	0	1	0.0
2866	main	0	2	0.0
2867	maison	0	1	0.0
2868	majesté	0	11	0.0
2869	malfaiteur	0	4	0.0
2870	malin	0	1	0.0
2871	malédiction	0	1	0.0
2872	mandragore	0	1	0.0
2873	mangeoire	0	2	0.0
2874	manière de pensée	0	1	0.0
2875	manteau	0	5	0.0
2876	marque	0	1	0.0
2877	marteau	0	1	0.0
2878	marteau de forge	0	1	0.0
2879	massacrer	0	4	0.0
2880	matériel teint	0	2	0.0
2881	maudire	0	13	0.0
2882	mauvais	0	1	0.0
2883	mauve	0	11	0.0
2884	maîtresse	0	3	0.0
2885	menthe	0	16	0.0
2886	millet	0	1	0.0
2887	mine	0	1	0.0
2888	ministère	0	1	0.0
2889	miroir	0	2	0.0
2890	miséricordieux	0	10	0.0
2891	mode de vie	0	1	0.0
2892	mole rat	0	1	0.0
2893	monde	0	1	0.0
2894	monstre marin	0	3	0.0
2895	mont Hermon	0	1	0.0
2896	montrer du favoritisme	0	1	0.0
2897	montée de la Fleur	0	2	0.0
2898	montée des Aqrabbim	0	3	0.0
2899	mouche	0	1	0.0
2900	mouette	0	1	0.0
2901	moulin	0	3	0.0
2902	moustique	0	6	0.0
2903	moutarde	0	1	0.0
2904	mouton	0	7	0.0
2905	moyen d'expiation	0	4	0.0
2906	moyen par lequel les péchés sont pardonnés	0	2	0.0
2907	mule	0	1	0.0
2908	mulet	0	3	0.0
2909	museler	0	4	0.0
2910	muselière	0	4	0.0
2911	myrrhe	0	7	0.0
2912	myrrhe ou fruit du micocoulier ou du châtaignier [type de résine	0	61	0.0
2913	myrte	0	18	0.0
2914	méchanceté	0	2	0.0
2915	méchant	0	4	0.0
2916	mûrier sapin baumier tremble	0	1	0.0
2917	nard	0	2	0.0
2918	nation	1	13	0.07142857142857142
2919	nettoyage	0	4	0.0
2920	nettoyer	0	8	0.0
2921	niveau	0	18	0.0
2922	non cultivé	0	2	0.0
2923	non spirituel	0	1	0.0
2924	nourriture insipide	0	2	0.0
2925	nu	0	2	0.0
2926	nuée d'insectes	0	7	0.0
2927	néoménies	0	3	0.0
2928	objet de culte	0	1	0.0
2929	objet qui doit être détruit	0	10	0.0
2930	obstination	0	5	0.0
2931	obéir	0	2	0.0
2932	offrande	0	1	0.0
2933	offrande de paix	0	1	0.0
2934	offrande volontaire	0	25	0.0
2935	oignon	0	1	0.0
2936	oindre	0	2	0.0
2937	oint	1	1	0.5
2938	oiseau	0	17	0.0
2939	oiseau de nuit	0	3	0.0
2940	olivier	0	1	0.0
2941	olivier cultivé	0	2	0.0
2942	ombre	0	3	0.0
2943	onagre	0	6	0.0
2944	ongle	0	1	0.0
2945	onguent	0	3	0.0
2946	opposant à la loi	0	1	0.0
2947	oracle	4	678	0.005865102639296188
2948	ordonnance	0	1	0.0
2949	orge	0	1	0.0
2950	ours	1	4	0.2
2951	paille	0	1	0.0
2952	pain d'offrande	0	30	0.0
2953	pains sans levain	0	1	0.0
2954	paix	0	1	0.0
2955	palmier	0	2	0.0
2956	palmier dattier	0	2	0.0
2957	panier	0	3	0.0
2958	panneau	0	12	0.0
2959	panthère	0	1	0.0
2960	papyrus	0	1	0.0
2961	parc à moutons	0	3	0.0
2962	pardon	0	2	0.0
2963	pardonner	0	2	0.0
2964	paresse	0	1	0.0
2965	parfum apaisant	0	2	0.0
2966	parler	0	9	0.0
2967	parler contre Dieu	0	7	0.0
2968	parole du Seigneur	0	10	0.0
2969	paroles contre Dieu	0	1	0.0
2970	part	0	1	0.0
2971	partager la gloire d’un autre	0	3	0.0
2972	passer au crible	0	5	0.0
2973	pauvre	0	1	0.0
2974	pelle à vannage	0	1	0.0
2975	perdrix	0	2	0.0
2976	personne diligente	0	3	0.0
2977	personne mèchante	0	1	0.0
2978	peste	0	1	0.0
2979	petit poisson	0	3	0.0
2980	petits animaux	0	1	0.0
2981	peuplier	0	1	0.0
2982	peuplier blanc	0	1	0.0
2983	pierre précieuse	0	77	0.0
2984	pierres de taille	0	1	0.0
2985	pin	0	2	0.0
2986	piscine	0	1	0.0
2987	piège	0	27	0.0
2988	plaine	0	1	0.0
2989	planche	0	1	0.0
2990	plante	0	4	0.0
2991	plante avec des épines	0	5	0.0
2992	plâtre	0	13	0.0
2993	plâtrer	0	1	0.0
2994	poisson	0	3	0.0
2995	porc	0	1	0.0
2996	porc-épic	0	1	0.0
2997	poteau en bois pour porter les objets lourds	0	1	0.0
2998	pourpier [plante du désert	0	1	0.0
2999	poussin	0	1	0.0
3000	prendre part	0	1	0.0
3001	prendre refuge	0	1	0.0
3002	prescrire	0	2	0.0
3003	pressoir	0	13	0.0
3004	pretendre	0	1	0.0
3005	prier	0	1	0.0
3006	prince	0	1	0.0
3007	prise de possession	0	1	0.0
3008	prison	0	9	0.0
3009	prière	0	3	0.0
3010	proclamer	0	1	0.0
3011	profaner	0	2	0.0
3012	progéniture	0	2	0.0
3013	promesse	0	3	0.0
3014	promettre	0	9	0.0
3015	prophète	0	1	0.0
3016	prophétique	0	2	0.0
3017	prophétiser	0	2	0.0
3018	propreté	0	1	0.0
3019	prospérer	0	1	0.0
3020	prostituée du temple	0	1	0.0
3021	proverbe	0	1	0.0
3022	provoquer la rémission pour	0	1	0.0
3023	précepte	0	2	0.0
3024	prêt à pardonner	0	8	0.0
3025	psaume	0	1	0.0
3026	puce	0	2	0.0
3027	puissance	0	6	0.0
3028	puissant	0	3	0.0
3029	puits d'Elim	0	1	0.0
3030	puits de Bené-Yaaqân	0	1	0.0
3031	puits de Lahaï	0	3	0.0
3032	pur	0	7	0.0
3033	pureté	0	1	0.0
3034	pureté morale	0	1	0.0
3035	purification	0	2	0.0
3036	purifier	0	75	0.0
3037	pâleur	0	3	0.0
3038	père d'Ehoud	0	1	0.0
3039	pécher	0	9	0.0
3040	pécheur	0	1	0.0
3041	qu'on ne regrette pas	0	6	0.0
3042	quadrant	0	9	0.0
3043	qui montre du favoritisme	0	1	0.0
3044	qui parle contre Dieu	0	4	0.0
3045	qui se condamne	0	1	0.0
3046	raccorder	0	2	0.0
3047	racheter	0	6	0.0
3048	racleur en bois	0	8	0.0
3049	rameau et roseau	0	1	0.0
3050	rapace	0	2	0.0
3051	rasoir	0	1	0.0
3052	rassemblement	0	5	0.0
3053	ravin de Ben-Hinnom	0	1	0.0
3054	ravin de Hinnom	0	2	0.0
3055	refuge	0	3	0.0
3056	regretter	0	2	0.0
3057	reins	0	1	0.0
3058	rejeter	0	1	0.0
3059	religion	0	1	0.0
3060	renard	0	1	0.0
3061	rendu de la justice	0	4	0.0
3062	repentance	0	1	0.0
3063	ressemblance	0	10	0.0
3064	ressusciter	0	3	0.0
3065	retentir la trompette	0	1	0.0
3066	revenir	0	4	0.0
3067	ricin	0	32	0.0
3068	rivière	0	1	0.0
3069	robe	0	2	0.0
3070	rocher	0	1	0.0
3071	roi	0	1	0.0
3072	roncier	0	1	0.0
3073	rongé par les vers	0	3	0.0
3074	roseau	0	17	0.0
3075	roseaux	0	2	0.0
3076	roue de carriole	0	1	0.0
3077	rouleau	0	1	0.0
3078	rubi	0	1	0.0
3079	règner sur	0	1	0.0
3080	récipient	0	1	0.0
3081	réconcilier	0	1	0.0
3082	réel	0	25	0.0
3083	réflexion	0	1	0.0
3084	révolte	0	1	0.0
3085	s'amonceler	0	2	0.0
3086	sabbat	0	4	0.0
3087	sac	0	2	0.0
3088	sac de berger	0	1	0.0
3089	sac de selle	0	1	0.0
3090	sacerdoce	0	1	0.0
3091	sacrifice	0	2	0.0
3092	sacrifice de la Pâque	0	1	0.0
3093	sacré	0	1	0.0
3094	sagesse	0	3	0.0
3095	saine sagesse	0	1	0.0
3096	saint	0	1	0.0
3097	sainteté	0	9	0.0
3098	salle d'audienc	0	1	0.0
3099	salle de mariage	0	1	0.0
3100	salle des fêtes	0	1	0.0
3101	salut	0	7	0.0
3102	salutaire	0	8	0.0
3103	sanctuaire	0	1	0.0
3104	sanglier	0	1	0.0
3105	sangsue	0	1	0.0
3106	sans saleté	0	1	0.0
3107	sans valeur	0	2	0.0
3108	saphir	0	1	0.0
3109	sapin	0	22	0.0
3110	saule	0	2	0.0
3111	sauterelle	0	5	0.0
3112	sauver	0	2	0.0
3113	sauver la vie	0	2	0.0
3114	sceau	0	8	0.0
3115	sceller	0	2	0.0
3116	scie	0	4	0.0
3117	scorpion	0	5	0.0
3118	scribe	0	14	0.0
3119	se montrer bon	0	1	0.0
3120	se montrer parfait	0	1	0.0
3121	se prostituer	0	1	0.0
3122	se rebeller	0	3	0.0
3123	se reconcilier	0	3	0.0
3124	se rendre honoré	0	2	0.0
3125	se repentir	0	1	0.0
3126	se réconcilier	0	15	0.0
3127	se réfugier	0	2	0.0
3128	se souvenir du mal = punir	0	8	0.0
3129	seau	0	2	0.0
3130	securité	0	1	0.0
3131	seigneur du monde	0	1	0.0
3132	semaine	0	2	0.0
3133	semaines	0	1	0.0
3134	sensible	0	1	0.0
3135	sentence	0	5	0.0
3136	serment	0	3	0.0
3137	serpent	0	44	0.0
3138	serpette	0	2	0.0
3139	service	0	1	0.0
3140	serviette	0	1	0.0
3141	servir	0	20	0.0
3142	servir comme prêtre	0	25	0.0
3143	serviteur du temple	0	2	0.0
3144	sicle	0	1	0.0
3145	signe miraculeux	0	8	0.0
3146	simple	0	1	0.0
3147	singe	0	1	0.0
3148	six	0	2	0.0
3149	siège	0	5	0.0
3150	soc	0	4	0.0
3151	soie	0	2	0.0
3152	soleil	0	3	0.0
3153	sorte	0	1	0.0
3154	souiller	0	1	0.0
3155	souverain	0	1	0.0
3156	spelt	0	1	0.0
3157	spirituel	0	1	0.0
3158	splendeur	0	1	0.0
3159	stacté	0	1	0.0
3160	stoïcien	0	9	0.0
3161	stupide	0	1	0.0
3162	stupidité	0	6	0.0
3163	sud	0	28	0.0
3164	supplication	0	7	0.0
3165	surveillant	0	1	0.0
3166	sycomore	0	2	0.0
3167	séjour	0	1	0.0
3168	séraphin	0	1	0.0
3169	tablette	0	4	0.0
3170	tablette d'écriture	0	1	0.0
3171	tanneur	0	11	0.0
3172	taupe	0	1	0.0
3173	taverne	0	2	0.0
3174	taxe	0	1	0.0
3175	temple	0	2	0.0
3176	tendre des pièges	0	1	0.0
3177	tendre un piège	0	11	0.0
3178	tenir dans les liens	0	1	0.0
3179	tente	0	9	0.0
3180	terme militaire inintelligible: poste	0	8	0.0
3181	terre	0	3	0.0
3182	théatre	0	1	0.0
3183	tige en bois	0	32	0.0
3184	tissage	0	3	0.0
3185	tissu de lin	0	1	0.0
3186	tissu en soie	0	1	0.0
3187	toile	0	15	0.0
3188	tombeau	0	2	0.0
3189	topaze	0	2	0.0
3190	tour	0	2	0.0
3191	trame	0	4	0.0
3192	trans. craindre	0	13	0.0
3193	trans. libérer	0	2	0.0
3194	transgression	0	1	0.0
3195	travail martelé	0	2	0.0
3196	travil	0	1	0.0
3197	traînard	0	1	0.0
3198	tribu	0	1	0.0
3199	troisième étage	0	3	0.0
3200	tromper	0	1	0.0
3201	tromperie	0	2	0.0
3202	trompette	0	2	0.0
3203	trou	0	2	0.0
3204	troupeau	0	58	0.0
3205	très compatissant	0	1	0.0
3206	trésor du temple	0	4	0.0
3207	tumeurs	0	2	0.0
3208	tunnel	0	3	0.0
3209	turquoise	0	1	0.0
3210	type de hibou	0	3	0.0
3211	type de lézard	0	19	0.0
3212	tyrien	0	7	0.0
3213	témoignage	0	1	0.0
3214	témoigner	0	1	0.0
3215	témoin	0	3	0.0
3216	têtu	0	4	0.0
3217	une cour intérieure de maison	0	1	0.0
3218	une urne sur laquelle un cadavre est porté	0	3	0.0
3219	utilisé comme adverbe: empressement	0	1	0.0
3220	vain discoureur	0	5	0.0
3221	vallée de Akor	0	1	0.0
3222	vallée de Yiftah-El	0	1	0.0
3223	vallée du Sel	0	2	0.0
3224	van	1	7	0.125
3225	varan	0	1	0.0
3226	vase de bronze	0	1	0.0
3227	veau	0	6	0.0
3228	veau gras	0	2	0.0
3229	ver	0	7	0.0
3230	vie comme une juive	0	134	0.0
3231	vigne	0	13	0.0
3232	vignoble	0	1	0.0
3233	vil	0	1	0.0
3234	ville	0	1	0.0
3235	ville basse	0	1	0.0
3236	ville de Nahash	0	2	0.0
3237	vin acide	0	2	0.0
3238	vin nouveau	0	2	0.0
3239	vipère	0	1	0.0
3240	visitation	0	1	0.0
3241	vivre	0	1	0.0
3242	voile	0	2	0.0
3243	voir	0	1	0.0
3244	voyant	0	31	0.0
3245	véritablement	0	1	0.0
3246	vêtement	0	5	0.0
3247	vêtement extérieur	0	1	0.0
3248	zone	0	7	0.0
3249	zélote	0	6	0.0
3250	zélé	0	2	0.0
3251	Çaanân	0	1	0.0
3252	Çafnath-Panéah	0	1	0.0
3253	Çalaf	0	42	0.0
3254	Çalmona	0	4	0.0
3255	Çalmôn	0	3	0.0
3256	Çartân	0	1	0.0
3257	Çaïr	0	1	0.0
3258	Çofah	0	1	0.0
3259	Çofar	0	41	0.0
3260	Çofaï	0	2	0.0
3261	Çoréa	0	1	0.0
3262	Çoréatites	0	2	0.0
3263	Çouar	0	2	0.0
3264	Çouf	0	5	0.0
3265	Çour	0	3	0.0
3266	Çouriël	0	1	0.0
3267	Égla	0	11	0.0
3268	Éternel	0	10	0.0
3269	âne	0	8	0.0
3270	âne sauvage	0	21	0.0
3271	ânon	0	4	0.0
3272	écrire	0	1	0.0
3273	écrit	0	4	0.0
3274	éléments	0	1	0.0
3275	émeraude	0	13	0.0
3276	épervier	0	1	0.0
3277	épine	0	12	0.0
3278	épithète de Dieu:  armées	0	1	0.0
3279	épouvantable confusion	0	1	0.0
3280	épée	0	2	0.0
3281	étant réconcilié avec Dieu	0	9	0.0
3282	état d'être en état de siège	0	1	0.0
3283	état intact	0	8	0.0
3284	étranger	0	3	0.0
3285	évaluer	0	1	0.0
3286	être attiré à servir	0	1	0.0
3287	être capable	0	1	0.0
3288	être coupable	0	1	0.0
3289	être devenu vain dans les raisonnements	0	1	0.0
3290	être doux	0	1	0.0
3291	être exempt de la punition	0	1	0.0
3292	être infidèle	0	1	0.0
3293	être lourd	0	5	0.0
3294	être légal	0	1	0.0
3295	être pauvre	0	1	0.0
3296	être possédé par un démon	0	1	0.0
3297	être pur	0	1	0.0
3298	être rebelle	0	1	0.0
3299	être saint	0	10	0.0
3300	être vigoureux	0	1	0.0
3301	être vivant	0	3	0.0
3302	être zélé	0	6	0.0
