	en	Found	Not_found	Found_ratio
0	Aaron	327	24	0.9316239316239316
1	Abaddon	0	5	0.0
2	Abagtha	1	0	1.0
3	Abarim	4	1	0.8
4	Abda	2	0	1.0
5	Abdeel	1	0	1.0
6	Abdi	2	1	0.6666666666666666
7	Abdiel	1	0	1.0
8	Abdon	7	2	0.7777777777777778
9	Abednego	0	15	0.0
10	Abel	7	2	0.7777777777777778
11	Abel-Beth-Maacah	0	3	0.0
12	Abel-Keramim	0	1	0.0
13	Abel-Maim	1	0	1.0
14	Abel-Meholah	3	0	1.0
15	Abel-Mizraim	1	0	1.0
16	Abel-Shittim	1	0	1.0
17	Abi	1	0	1.0
18	Abi-Albon	1	0	1.0
19	Abiasaph	1	0	1.0
20	Abiathar	29	1	0.9666666666666667
21	Abida	2	0	1.0
22	Abidan	5	0	1.0
23	Abiel	3	0	1.0
24	Abiezer	3	4	0.42857142857142855
25	Abiezrite	0	3	0.0
26	Abigail	19	0	1.0
27	Abihail	6	0	1.0
28	Abihu	12	0	1.0
29	Abihud	1	0	1.0
30	Abijah	19	9	0.6785714285714286
31	Abijam	5	0	1.0
32	Abilene	0	1	0.0
33	Abimael	2	0	1.0
34	Abimelech	66	1	0.9850746268656716
35	Abinadab	12	0	1.0
36	Abinoam	4	0	1.0
37	Abiram	11	0	1.0
38	Abishag	5	0	1.0
39	Abishai	24	1	0.96
40	Abishua	4	1	0.8
41	Abishur	2	0	1.0
42	Abital	2	0	1.0
43	Abitub	1	0	1.0
44	Abiud	0	1	0.0
45	Abner	63	0	1.0
46	Abraham	173	4	0.9774011299435028
47	Abram	61	0	1.0
48	Abronah	0	2	0.0
49	Absalom	103	8	0.9279279279279279
50	Accad	1	0	1.0
51	Acco	0	1	0.0
52	Achaicus	0	10	0.0
53	Achan	6	0	1.0
54	Achar	1	0	1.0
55	Achbor	7	0	1.0
56	Achim	0	2	0.0
57	Achish	19	2	0.9047619047619048
58	Achsah	5	0	1.0
59	Achshaph	3	0	1.0
60	Achzib	4	0	1.0
61	Adadah	1	0	1.0
62	Adah	8	0	1.0
63	Adaiah	8	1	0.8888888888888888
64	Adalia	1	0	1.0
65	Adam	11	1	0.9166666666666666
66	Adamah	1	0	1.0
67	Adami Nekeb	0	1	0.0
68	Adar	1	1	0.5
69	Adbeel	2	0	1.0
70	Addan	1	0	1.0
71	Addi	0	9	0.0
72	Addon	1	0	1.0
73	Adiel	3	0	1.0
74	Adin	3	1	0.75
75	Adina	1	0	1.0
76	Adithaim	1	0	1.0
77	Adlai	1	0	1.0
78	Admah	4	1	0.8
79	Admatha	1	0	1.0
80	Adna	2	0	1.0
81	Adnah	1	1	0.5
82	Adoni-Bezek	3	0	1.0
83	Adoni-Zedek	2	0	1.0
84	Adonijah	25	1	0.9615384615384616
85	Adonikam	3	0	1.0
86	Adoniram	2	0	1.0
87	Adoraim	1	0	1.0
88	Adoram	2	0	1.0
89	Adrammelech	3	0	1.0
90	Adriatic Sea	0	1	0.0
91	Adriel	2	0	1.0
92	Adullam	8	0	1.0
93	Adullamite	3	0	1.0
94	Adummim	2	0	1.0
95	Aenon	0	2	0.0
96	Agag	8	0	1.0
97	Agagite	5	0	1.0
98	Agee	1	0	1.0
99	Agur	1	0	1.0
100	Ahab	91	2	0.978494623655914
101	Aharah	1	0	1.0
102	Aharhel	1	0	1.0
103	Ahasbai	1	0	1.0
104	Ahasuerus	32	0	1.0
105	Ahava	3	0	1.0
106	Ahaz	41	1	0.9761904761904762
107	Ahaziah	34	3	0.918918918918919
108	Ahban	1	0	1.0
109	Ahi	2	0	1.0
110	Ahiam	2	0	1.0
111	Ahian	1	0	1.0
112	Ahiezer	6	0	1.0
113	Ahihud	2	0	1.0
114	Ahijah	19	5	0.7916666666666666
115	Ahikam	20	0	1.0
116	Ahilud	5	0	1.0
117	Ahimaaz	14	1	0.9333333333333333
118	Ahiman	4	0	1.0
119	Ahimelech	14	3	0.8235294117647058
120	Ahimoth	0	1	0.0
121	Ahinadab	1	0	1.0
122	Ahinoam	7	0	1.0
123	Ahio	6	0	1.0
124	Ahira	5	0	1.0
125	Ahiram	1	0	1.0
126	Ahiramite	1	0	1.0
127	Ahisamach	3	0	1.0
128	Ahishahar	1	0	1.0
129	Ahishar	1	0	1.0
130	Ahithophel	20	0	1.0
131	Ahitub	14	1	0.9333333333333333
132	Ahlab	1	0	1.0
133	Ahlai	2	0	1.0
134	Ahoah	1	0	1.0
135	Ahohite	5	0	1.0
136	Ahumai	1	0	1.0
137	Ahuzzam	0	1	0.0
138	Ahuzzath	1	0	1.0
139	Ahzai	0	1	0.0
140	Ai	32	0	1.0
141	Aiah	5	1	0.8333333333333334
142	Aiath	1	0	1.0
143	Aijalon	6	4	0.6
144	Ain	5	0	1.0
145	Akan	1	0	1.0
146	Akkub	8	0	1.0
147	Alemeth	2	2	0.5
148	Alexander	5	0	1.0
149	Alexandrian	1	1	0.5
150	Alian	1	0	1.0
151	Allammelech	0	1	0.0
152	Allon	1	0	1.0
153	Almighty One	0	48	0.0
154	Almodad	2	0	1.0
155	Almon	1	0	1.0
156	Almon-Diblathaim	2	0	1.0
157	Alphaeus	3	1	0.75
158	Alush	2	0	1.0
159	Alvah	1	1	0.5
160	Alvan	1	0	1.0
161	Amad	1	0	1.0
162	Amal	1	0	1.0
163	Amalek	38	1	0.9743589743589743
164	Amalekite	12	0	1.0
165	Amam	1	0	1.0
166	Amanah	0	2	0.0
167	Amariah	12	2	0.8571428571428571
168	Amasa	11	1	0.9166666666666666
169	Amasai	2	3	0.4
170	Amashsai	0	1	0.0
171	Amasiah	1	0	1.0
172	Amaziah	43	1	0.9772727272727273
173	Ami	1	0	1.0
174	Amittai	2	0	1.0
175	Ammah	1	0	1.0
176	Ammiel	6	0	1.0
177	Ammihud	10	0	1.0
178	Amminadab	11	1	0.9166666666666666
179	Ammishaddai	5	0	1.0
180	Ammizabad	1	0	1.0
181	Ammon	103	3	0.9716981132075472
182	Ammonite	18	4	0.8181818181818182
183	Amnon	22	0	1.0
184	Amok	2	0	1.0
185	Amon	17	1	0.9444444444444444
186	Amorite	86	0	1.0
187	Amos	7	2	0.7777777777777778
188	Amoz	13	0	1.0
189	Amram	13	0	1.0
190	Amramite	2	0	1.0
191	Amraphel	2	0	1.0
192	Amzi	1	1	0.5
193	Anab	2	0	1.0
194	Anah	10	0	1.0
195	Anaharath	1	0	1.0
196	Anaiah	1	1	0.5
197	Anak	9	0	1.0
198	Anakim	9	0	1.0
199	Anamim	2	0	1.0
200	Anammelech	1	0	1.0
201	Anan	0	1	0.0
202	Anani	1	0	1.0
203	Ananiah	2	0	1.0
204	Ananias	9	0	1.0
205	Anath	2	0	1.0
206	Anathoth	13	2	0.8666666666666667
207	Anathothite	0	5	0.0
208	Andronicus	0	13	0.0
209	Anem	0	1	0.0
210	Aner	2	1	0.6666666666666666
211	Aniam	1	0	1.0
212	Anim	1	0	1.0
213	Anna	4	0	1.0
214	Anthothijah	0	1	0.0
215	Antioch	15	0	1.0
216	Antipas	0	1	0.0
217	Antipatris	0	4	0.0
218	Anub	1	0	1.0
219	Aphek	8	0	1.0
220	Aphekah	1	0	1.0
221	Aphiah	1	0	1.0
222	Aphik	1	0	1.0
223	Apollonia	0	1	0.0
224	Apollos	0	1	0.0
225	Appaim	2	0	1.0
226	Apphia	0	1	0.0
227	Ar	6	0	1.0
228	Ara	1	0	1.0
229	Arab	10	1	0.9090909090909091
230	Arabah	2	22	0.08333333333333333
231	Arabia	5	0	1.0
232	Arad	5	0	1.0
233	Arah	4	0	1.0
234	Aram	7	117	0.056451612903225805
235	Aram of Damascus	0	3	0.0
236	Aram-zobah	0	3	0.0
237	Aramaic	0	4	0.0
238	Aramean	0	12	0.0
239	Aran	2	0	1.0
240	Ararat	2	2	0.5
241	Araunah	7	0	1.0
242	Arbathite	2	0	1.0
243	Arbite	1	0	1.0
244	Archelaus	0	1	0.0
245	Archippus	0	5	0.0
246	Ard	2	0	1.0
247	Ardite	1	0	1.0
248	Ardon	1	0	1.0
249	Areli	2	0	1.0
250	Arelite	1	0	1.0
251	Areopagus	0	1	0.0
252	Argob	5	0	1.0
253	Aridai	1	0	1.0
254	Aridatha	1	0	1.0
255	Arieh	1	0	1.0
256	Ariel	4	0	1.0
257	Arioch	6	0	1.0
258	Arisai	1	0	1.0
259	Aristarchus	0	1	0.0
260	Aristobulus	0	4	0.0
261	Arkite	2	6	0.25
262	Armageddon	0	5	0.0
263	Armoni	1	0	1.0
264	Arnan	1	0	1.0
265	Arnon	23	0	1.0
266	Arod	1	0	1.0
267	Arodi	1	0	1.0
268	Arodite	1	0	1.0
269	Aroer	12	0	1.0
270	Aroerite	1	0	1.0
271	Arpachshad	0	9	0.0
272	Arpad	4	2	0.6666666666666666
273	Artaxerxes	16	0	1.0
274	Artemas	0	1	0.0
275	Arubboth	0	1	0.0
276	Arumah	1	0	1.0
277	Arvad	2	0	1.0
278	Arvadite	2	0	1.0
279	Arza	1	0	1.0
280	Asa	49	3	0.9423076923076923
281	Asahel	17	0	1.0
282	Asaiah	5	3	0.625
283	Asaph	28	13	0.6829268292682927
284	Asarel	0	1	0.0
285	Asarelah	1	0	1.0
286	Ascent of Akrabbim	1	2	0.3333333333333333
287	Asenath	3	0	1.0
288	Ashan	3	1	0.75
289	Ashbel	3	0	1.0
290	Ashbelite	1	0	1.0
291	Ashdod	15	0	1.0
292	Ashdodite	0	7	0.0
293	Asher	40	5	0.8888888888888888
294	Asherah	0	7	0.0
295	Asherite	1	0	1.0
296	Ashhur	0	2	0.0
297	Ashima	1	0	1.0
298	Ashkelon	8	3	0.7272727272727273
299	Ashkelonite	0	1	0.0
300	Ashkenaz	1	2	0.3333333333333333
301	Ashnah	2	0	1.0
302	Ashpenaz	1	0	1.0
303	Ashtaroth	4	2	0.6666666666666666
304	Ashterathite	1	0	1.0
305	Ashteroth-Karnaim	0	1	0.0
306	Ashtoreth	3	6	0.3333333333333333
307	Ashurite	1	0	1.0
308	Ashvath	1	0	1.0
309	Asia	1	0	1.0
310	Asian	0	2	0.0
311	Asiel	1	0	1.0
312	Asnah	1	0	1.0
313	Aspatha	1	0	1.0
314	Asriel	2	1	0.6666666666666666
315	Asrielite	1	0	1.0
316	Asshur	2	0	1.0
317	Asshurim	1	0	1.0
318	Assir	2	2	0.5
319	Assyria	133	10	0.9300699300699301
320	Asyncritus	0	2	0.0
321	Atarah	1	0	1.0
322	Ataroth	2	0	1.0
323	Ataroth-Addar	1	1	0.5
324	Ater	4	1	0.8
325	Athach	1	0	1.0
326	Athaiah	1	0	1.0
327	Athaliah	17	0	1.0
328	Atharim	0	1	0.0
329	Athens	1	1	0.5
330	Athlai	1	0	1.0
331	Atroth Beth Joab	0	1	0.0
332	Atroth-Shophan	0	1	0.0
333	Attai	3	1	0.75
334	Augustus	0	1	0.0
335	Avith	2	0	1.0
336	Avva	0	1	0.0
337	Avvim	0	4	0.0
338	Ayyah	0	2	0.0
339	Azaliah	2	0	1.0
340	Azaniah	0	1	0.0
341	Azarel	0	6	0.0
342	Azariah	45	3	0.9375
343	Azaz	1	0	1.0
344	Azaziah	3	0	1.0
345	Azbuk	1	0	1.0
346	Azekah	7	0	1.0
347	Azel	6	1	0.8571428571428571
348	Azgad	3	1	0.75
349	Aziel	1	0	1.0
350	Aziza	1	0	1.0
351	Azmaveth	8	0	1.0
352	Azmon	3	0	1.0
353	Aznoth-Tabor	1	0	1.0
354	Azriel	3	0	1.0
355	Azrikam	6	0	1.0
356	Azubah	4	0	1.0
357	Azzan	1	0	1.0
358	Azzur	0	3	0.0
359	Baal	76	5	0.9382716049382716
360	Baal-Berith	2	0	1.0
361	Baal-Gad	3	0	1.0
362	Baal-Hamon	1	0	1.0
363	Baal-Hanan	5	0	1.0
364	Baal-Hazor	1	0	1.0
365	Baal-Hermon	2	0	1.0
366	Baal-Meon	3	0	1.0
367	Baal-Peor	6	0	1.0
368	Baal-Perazim	2	0	1.0
369	Baal-Shalishah	0	1	0.0
370	Baal-Tamar	1	0	1.0
371	Baal-Zephon	3	0	1.0
372	Baal-zebub	4	0	1.0
373	Baalah	5	0	1.0
374	Baalath	3	0	1.0
375	Baalath-Beer	1	0	1.0
376	Baale-Judah	0	1	0.0
377	Baalis	1	0	1.0
378	Baana	2	0	1.0
379	Baanah	8	2	0.8
380	Baara	1	0	1.0
381	Baaseiah	0	1	0.0
382	Baasha	28	0	1.0
383	Babel	2	257	0.007722007722007722
384	Babylonian	1	0	1.0
385	Baharumite	1	0	1.0
386	Bahurim	4	1	0.8
387	Bakbakkar	1	0	1.0
388	Bakbuk	2	0	1.0
389	Bakbukiah	3	0	1.0
390	Balaam	55	13	0.8088235294117647
391	Baladan	2	0	1.0
392	Balah	1	0	1.0
393	Balak	40	3	0.9302325581395349
394	Bamoth	2	0	1.0
395	Bamoth Baal	0	2	0.0
396	Bani	12	2	0.8571428571428571
397	Bar-Jesus	0	4	0.0
398	Bar-Jona	0	1	0.0
399	Barachel	2	0	1.0
400	Barachiah	0	11	0.0
401	Barak	13	1	0.9285714285714286
402	Bariah	1	0	1.0
403	Barkos	2	0	1.0
404	Barnabas	0	1	0.0
405	Barsabbas	0	29	0.0
406	Bartholomew	0	1	0.0
407	Bartimaeus	0	1	0.0
408	Baruch	23	1	0.9583333333333334
409	Barzillai	8	2	0.8
410	Basemath	0	7	0.0
411	Bashan	53	7	0.8833333333333333
412	Bath-shua	1	1	0.5
413	Bathsheba	0	11	0.0
414	Bavvai	0	1	0.0
415	Bazlith	1	0	1.0
416	Bazluth	1	0	1.0
417	Bealiah	0	1	0.0
418	Bealoth	1	1	0.5
419	Bebai	4	1	0.8
420	Becher	4	0	1.0
421	Becherite	0	1	0.0
422	Becorath	0	1	0.0
423	Bedad	2	0	1.0
424	Bedan	2	0	1.0
425	Bediah	0	1	0.0
426	Beeliada	1	0	1.0
427	Beer	2	0	1.0
428	Beer-Elim	1	0	1.0
429	Beer-Lahai-Roi	1	2	0.3333333333333333
430	Beerah	1	0	1.0
431	Beeri	2	0	1.0
432	Beeroth	5	0	1.0
433	Beeroth Benejaakan	0	1	0.0
434	Beersheba	0	34	0.0
435	Beeshterah	0	1	0.0
436	Bel	3	0	1.0
437	Bela	14	0	1.0
438	Belaite	1	0	1.0
439	Beliar	0	7	0.0
440	Belshazzar	8	0	1.0
441	Belteshazzar	4	6	0.4
442	Ben	1	0	1.0
443	Ben-Abinadab	0	1	0.0
444	Ben-Ammi	1	0	1.0
445	Ben-Deker	0	1	0.0
446	Ben-Geber	0	1	0.0
447	Ben-Hadad	22	1	0.9565217391304348
448	Ben-Hail	1	0	1.0
449	Ben-Hanan	1	0	1.0
450	Ben-Hesed	0	1	0.0
451	Ben-Hur	0	1	0.0
452	Ben-Oni	1	0	1.0
453	Ben-Zoheth	1	0	1.0
454	Benaiah	41	0	1.0
455	Bene Jaakan	0	2	0.0
456	Bene-Berak	1	0	1.0
457	Beninu	0	1	0.0
458	Benjamin	150	9	0.9433962264150944
459	Benjaminite	0	13	0.0
460	Beon	1	0	1.0
461	Beor	9	2	0.8181818181818182
462	Bera	1	1	0.5
463	Beracah	0	1	0.0
464	Beraiah	1	0	1.0
465	Berean	0	3	0.0
466	Berechiah	7	0	1.0
467	Bered	2	0	1.0
468	Berekiah	0	4	0.0
469	Beri	1	0	1.0
470	Beriah	10	0	1.0
471	Beriites	1	0	1.0
472	Berites	1	0	1.0
473	Bernice	0	4	0.0
474	Berothah	1	0	1.0
475	Berothai	1	0	1.0
476	Besai	2	0	1.0
477	Besodeiah	1	0	1.0
478	Besor	3	0	1.0
479	Betah	1	0	1.0
480	Beten	1	0	1.0
481	Beth Zur	0	4	0.0
482	Beth-Anath	2	0	1.0
483	Beth-Anoth	1	0	1.0
484	Beth-Arabah	3	0	1.0
485	Beth-Arbel	1	0	1.0
486	Beth-Ashbea	0	1	0.0
487	Beth-Aven	7	0	1.0
488	Beth-Azmaveth	1	0	1.0
489	Beth-Baal-Meon	1	0	1.0
490	Beth-Barah	1	0	1.0
491	Beth-Biri	0	1	0.0
492	Beth-Car	1	0	1.0
493	Beth-Dagon	2	0	1.0
494	Beth-Diblataim	0	1	0.0
495	Beth-Eden	0	1	0.0
496	Beth-Eked	0	1	0.0
497	Beth-Emek	1	0	1.0
498	Beth-Ezel	1	0	1.0
499	Beth-Gader	1	1	0.5
500	Beth-Gamul	1	0	1.0
501	Beth-Gilgal	0	1	0.0
502	Beth-Haccherem	0	2	0.0
503	Beth-Hanan	1	0	1.0
504	Beth-Haram	0	1	0.0
505	Beth-Haran	1	0	1.0
506	Beth-Hoglah	2	1	0.6666666666666666
507	Beth-Horon	12	1	0.9230769230769231
508	Beth-Jeshimoth	3	1	0.75
509	Beth-Leaphrah	0	1	0.0
510	Beth-Lebaoth	1	0	1.0
511	Beth-Marcaboth	2	0	1.0
512	Beth-Meon	1	0	1.0
513	Beth-Nimrah	2	0	1.0
514	Beth-Pazez	0	1	0.0
515	Beth-Pelet	0	2	0.0
516	Beth-Peor	4	0	1.0
517	Beth-Rapha	1	0	1.0
518	Beth-Rehob	1	0	1.0
519	Beth-Shan	3	0	1.0
520	Beth-Shean	5	0	1.0
521	Beth-Shemesh	20	1	0.9523809523809523
522	Beth-Shittah	1	0	1.0
523	Beth-Tappuah	1	0	1.0
524	Bethany	0	3	0.0
525	Bethel	0	65	0.0
526	Bethelite	0	1	0.0
527	Bethlehem	0	42	0.0
528	Bethlehemite	0	4	0.0
529	Bethphage	0	7	0.0
530	Bethsaida	0	8	0.0
531	Bethuel	10	0	1.0
532	Bethul	1	0	1.0
533	Bethzatha	0	11	0.0
534	Betonim	1	0	1.0
535	Bezai	2	1	0.6666666666666666
536	Bezalel	0	9	0.0
537	Bezek	3	0	1.0
538	Bezer	4	1	0.8
539	Bichri	8	0	1.0
540	Bidkar	1	0	1.0
541	Bigtha	1	0	1.0
542	Bigthan	2	0	1.0
543	Bigvai	5	1	0.8333333333333334
544	Bildad	5	0	1.0
545	Bileam	0	1	0.0
546	Bilgah	3	0	1.0
547	Bilgai	0	1	0.0
548	Bilhah	11	0	1.0
549	Bilhan	3	0	1.0
550	Bilshan	2	0	1.0
551	Bimhal	1	0	1.0
552	Binea	2	0	1.0
553	Binnui	6	1	0.8571428571428571
554	Birsha	1	0	1.0
555	Birzaith	0	2	0.0
556	Bishlam	1	0	1.0
557	Bitiah	0	1	0.0
558	Biziothiah	0	1	0.0
559	Biztha	1	0	1.0
560	Boaz	22	0	1.0
561	Bocheru	2	0	1.0
562	Bochim	2	0	1.0
563	Bohan	2	0	1.0
564	Bor-Ashan	0	1	0.0
565	Bozez	1	0	1.0
566	Bozqath	0	2	0.0
567	Bozrah	8	0	1.0
568	Bukki	3	1	0.75
569	Bukkiah	2	0	1.0
570	Bunah	1	0	1.0
571	Bunni	2	1	0.6666666666666666
572	Buz	3	0	1.0
573	Buzi	1	0	1.0
574	Buzite	2	0	1.0
575	Cabbon	1	0	1.0
576	Cabul	2	0	1.0
577	Caesar	0	15	0.0
578	Caesarea	1	1	0.5
579	Cain	14	2	0.875
580	Cainan	1	2	0.3333333333333333
581	Calah	2	0	1.0
582	Calcol	1	1	0.5
583	Caleb	34	1	0.9714285714285714
584	Caleb Ephrathah	0	1	0.0
585	Calebite	0	1	0.0
586	Calneh	2	0	1.0
587	Calno	1	0	1.0
588	Cana	0	1	0.0
589	Canaan	89	1	0.9888888888888889
590	Canaanite	66	3	0.9565217391304348
591	Candace	0	4	0.0
592	Canneh	1	0	1.0
593	Capernaum	0	1	0.0
594	Caphtor	3	0	1.0
595	Caphtorim	2	1	0.6666666666666666
596	Cappadocia	0	1	0.0
597	Carchemish	3	0	1.0
598	Carite	0	2	0.0
599	Carkas	0	1	0.0
600	Carmel	20	1	0.9523809523809523
601	Carmi	8	0	1.0
602	Carmite	1	0	1.0
603	Carpus	0	3	0.0
604	Carshena	1	0	1.0
605	Casiphia	1	0	1.0
606	Casluhim	2	0	1.0
607	Chaldea	65	15	0.8125
608	Chaldean	13	2	0.8666666666666667
609	Chebar	8	0	1.0
610	Chedorlaomer	5	0	1.0
611	Chelal	1	0	1.0
612	Chelub	2	0	1.0
613	Chelubai	1	0	1.0
614	Cheluhi	0	1	0.0
615	Chemosh	8	0	1.0
616	Chenaanah	5	0	1.0
617	Chenani	1	0	1.0
618	Chenaniah	3	3	0.5
619	Chephar-Ammoni	0	1	0.0
620	Chephirah	4	0	1.0
621	Cheran	2	0	1.0
622	Cherethites	9	1	0.9
623	Cherith	2	0	1.0
624	Cherub	2	0	1.0
625	Chesalon	1	0	1.0
626	Chesed	1	0	1.0
627	Chesil	1	0	1.0
628	Chesulloth	1	0	1.0
629	Chezib	1	0	1.0
630	Chidon	1	0	1.0
631	Chileab	1	0	1.0
632	Chilion	3	0	1.0
633	Chilmad	1	0	1.0
634	Chimham	2	2	0.5
635	Chinnereth	4	3	0.5714285714285714
636	Chislon	1	0	1.0
637	Chisloth-Tabor	1	0	1.0
638	Chitlish	0	1	0.0
639	Chuza	0	2	0.0
640	City of Salt	1	0	1.0
641	Claudia	0	1	0.0
642	Claudius	2	1	0.6666666666666666
643	Clement	0	1	0.0
644	Cnidus	0	1	0.0
645	Col-Hozeh	2	0	1.0
646	Coniah	3	0	1.0
647	Corinth	0	1	0.0
648	Cornelius	0	2	0.0
649	Cozbi	2	0	1.0
650	Cozeba	0	1	0.0
651	Cretan	0	1	0.0
652	Crete	1	1	0.5
653	Cun	0	1	0.0
654	Cush	7	23	0.23333333333333334
655	Cushan	1	0	1.0
656	Cushan-Rishathaim	0	2	0.0
657	Cushi	2	0	1.0
658	Cushite	0	25	0.0
659	Cuth	1	0	1.0
660	Cuthah	1	0	1.0
661	Cyprus	3	0	1.0
662	Cyrene	3	3	0.5
663	Cyrus	23	0	1.0
664	Dabbesheth	0	1	0.0
665	Daberath	1	2	0.3333333333333333
666	Dagon	6	0	1.0
667	Dalmatia	0	1	0.0
668	Dalphon	1	0	1.0
669	Damascene	0	1	0.0
670	Damascus	37	1	0.9736842105263158
671	Dan	66	2	0.9705882352941176
672	Daniel	71	24	0.7473684210526316
673	Danite	3	2	0.6
674	Dannah	1	0	1.0
675	Dara	1	0	1.0
676	Darda	0	1	0.0
677	Darius	31	4	0.8857142857142857
678	Darkon	2	0	1.0
679	Dathan	8	0	1.0
680	David	970	106	0.9014869888475836
681	Dead Sea	0	9	0.0
682	Debir	10	1	0.9090909090909091
683	Deborah	10	0	1.0
684	Decapolis	0	1	0.0
685	Dedan	9	0	1.0
686	Dedanite	0	1	0.0
687	Delaiah	6	1	0.8571428571428571
688	Delilah	6	0	1.0
689	Demetrius	2	3	0.4
690	Derbe	0	3	0.0
691	Deuel	4	0	1.0
692	Diblaim	1	0	1.0
693	Dibon	11	0	1.0
694	Dibri	1	0	1.0
695	Diklah	2	0	1.0
696	Dilean	1	0	1.0
697	Dimnah	1	0	1.0
698	Dimon	1	0	1.0
699	Dimonah	1	0	1.0
700	Dinah	8	0	1.0
701	Dinhabah	2	0	1.0
702	Diotrephes	0	1	0.0
703	Diphath	0	1	0.0
704	Dishan	4	1	0.8
705	Dishon	6	1	0.8571428571428571
706	Dizahab	1	0	1.0
707	Dodai	1	0	1.0
708	Dodanim	1	0	1.0
709	Dodavahu	0	1	0.0
710	Dodo	5	0	1.0
711	Doeg	3	2	0.6
712	Dophkah	2	0	1.0
713	Dor	6	0	1.0
714	Dothan	2	0	1.0
715	Dumah	3	0	1.0
716	Dura	1	0	1.0
717	Ebal	8	0	1.0
718	Ebed	6	0	1.0
719	Ebed-Melek	0	6	0.0
720	Ebenezer	0	3	0.0
721	Eber	15	0	1.0
722	Ebez	0	1	0.0
723	Ebiasaph	1	2	0.3333333333333333
724	Ecbatana	0	1	0.0
725	Eden	18	0	1.0
726	Eder	3	1	0.75
727	Edom	88	12	0.88
728	Edomite	8	4	0.6666666666666666
729	Edrei	8	0	1.0
730	Eglah	2	0	1.0
731	Eglaim	1	0	1.0
732	Eglath-Shelishiyah	0	2	0.0
733	Eglon	12	0	1.0
734	Egypt	0	4	0.0
735	Egyptian	23	6	0.7931034482758621
736	Ehi	1	0	1.0
737	Ehud	10	0	1.0
738	Eker	1	0	1.0
739	Ekron	20	0	1.0
740	Ekronite	2	0	1.0
741	El Paran	0	1	0.0
742	Ela	1	0	1.0
743	Elad	0	1	0.0
744	Elah	13	0	1.0
745	Elam	28	1	0.9655172413793104
746	Elamite	1	0	1.0
747	Elath	5	0	1.0
748	Eldaah	2	0	1.0
749	Eldad	2	0	1.0
750	Eleadah	0	1	0.0
751	Elealeh	5	0	1.0
752	Eleasah	4	2	0.6666666666666666
753	Eleazar	69	4	0.9452054794520548
754	Elhanan	4	0	1.0
755	Eli	30	0	1.0
756	Eliab	19	2	0.9047619047619048
757	Eliada	4	0	1.0
758	Eliahba	2	0	1.0
759	Eliakim	14	0	1.0
760	Eliam	2	0	1.0
761	Eliasaph	6	0	1.0
762	Eliashib	17	0	1.0
763	Eliathah	2	0	1.0
764	Elidad	1	0	1.0
765	Eliehoenai	0	2	0.0
766	Eliel	8	2	0.8
767	Elienai	1	0	1.0
768	Eliezer	14	1	0.9333333333333333
769	Elihoreph	1	0	1.0
770	Elihu	10	1	0.9090909090909091
771	Elijah	68	2	0.9714285714285714
772	Elika	1	0	1.0
773	Elim	6	0	1.0
774	Elimelech	6	0	1.0
775	Elioenai	7	0	1.0
776	Eliphal	1	0	1.0
777	Eliphaz	15	0	1.0
778	Eliphelehu	0	2	0.0
779	Eliphelet	6	2	0.75
780	Elisha	58	2	0.9666666666666667
781	Elishah	3	0	1.0
782	Elishama	16	0	1.0
783	Elishaphat	1	0	1.0
784	Elisheba	1	0	1.0
785	Elishua	2	0	1.0
786	Eliud	0	1	0.0
787	Elizabeth	0	1	0.0
788	Elizaphan	4	0	1.0
789	Elizur	5	0	1.0
790	Elkanah	12	9	0.5714285714285714
791	Elkoshite	1	0	1.0
792	Ellasar	2	0	1.0
793	Elmadam	0	2	0.0
794	Elnaam	1	0	1.0
795	Elnathan	7	0	1.0
796	Elon	8	0	1.0
797	Elonite	1	0	1.0
798	Eloth	3	0	1.0
799	Elpaal	3	0	1.0
800	Elpelet	0	1	0.0
801	Eltekeh	2	0	1.0
802	Eltekon	1	0	1.0
803	Eltolad	2	0	1.0
804	Elul	1	0	1.0
805	Eluzai	0	1	0.0
806	Elzabad	1	1	0.5
807	Elzaphan	2	0	1.0
808	Emek-Keziz	0	1	0.0
809	Emim	3	0	1.0
810	Emmaus	0	1	0.0
811	En Mishpat	0	1	0.0
812	En-Dor	0	3	0.0
813	En-Eglaim	1	0	1.0
814	En-Gannim	3	0	1.0
815	En-Gedi	5	1	0.8333333333333334
816	En-Haddah	1	0	1.0
817	En-Hakkore	1	0	1.0
818	En-Hazor	1	0	1.0
819	En-Rimmon	1	0	1.0
820	En-Rogel	4	0	1.0
821	En-Shemesh	2	0	1.0
822	En-Tappuah	1	0	1.0
823	Enaim	0	2	0.0
824	Enam	1	0	1.0
825	Enan	5	0	1.0
826	Enoch	11	6	0.6470588235294118
827	Enosh	1	6	0.14285714285714285
828	Epaphras	0	1	0.0
829	Epaphroditus	0	3	0.0
830	Ephah	5	0	1.0
831	Ephai	1	0	1.0
832	Epher	4	0	1.0
833	Ephes-Dammim	1	0	1.0
834	Ephlal	1	0	1.0
835	Ephod	1	0	1.0
836	Ephraim	168	17	0.9081081081081082
837	Ephrath	4	6	0.4
838	Ephrathite	4	1	0.8
839	Ephron	11	1	0.9166666666666666
840	Er	7	0	1.0
841	Eran	1	0	1.0
842	Eranite	1	0	1.0
843	Erastus	2	0	1.0
844	Erech	1	0	1.0
845	Eri	2	0	1.0
846	Erite	1	0	1.0
847	Esarhaddon	0	3	0.0
848	Esau	76	28	0.7307692307692307
849	Eshan	0	1	0.0
850	Eshbaal	0	2	0.0
851	Eshban	2	0	1.0
852	Eshcol	6	0	1.0
853	Eshek	1	0	1.0
854	Eshtaol	7	0	1.0
855	Eshtaolite	0	1	0.0
856	Eshtemoa	4	1	0.8
857	Eshtemoh	1	0	1.0
858	Eshton	2	0	1.0
859	Esther	45	0	1.0
860	Etam	5	0	1.0
861	Eter	0	2	0.0
862	Eth-Kazin	0	1	0.0
863	Etham	4	0	1.0
864	Ethan	4	4	0.5
865	Ethbaal	1	0	1.0
866	Ethiopian	0	5	0.0
867	Ethnan	1	0	1.0
868	Ethni	0	1	0.0
869	Eubulus	0	2	0.0
870	Euodia	0	1	0.0
871	Euphrates	19	0	1.0
872	Eve	2	0	1.0
873	Evi	2	0	1.0
874	Evil-Merodach	2	0	1.0
875	Ezbai	1	0	1.0
876	Ezbon	2	0	1.0
877	Ezekiel	2	1	0.6666666666666666
878	Ezem	1	2	0.3333333333333333
879	Ezer	10	1	0.9090909090909091
880	Ezion-Geber	3	4	0.42857142857142855
881	Ezra	25	0	1.0
882	Ezrah	0	1	0.0
883	Ezrahite	0	3	0.0
884	Ezri	1	0	1.0
885	Festus	3	6	0.3333333333333333
886	Gaal	9	0	1.0
887	Gaash	4	0	1.0
888	Gabbai	1	0	1.0
889	Gabriel	2	1	0.6666666666666666
890	Gad	69	4	0.9452054794520548
891	Gadarene	0	2	0.0
892	Gaddi	1	0	1.0
893	Gaddiel	1	0	1.0
894	Gadi	2	0	1.0
895	Gadite	12	4	0.75
896	Gaham	1	0	1.0
897	Gahar	2	0	1.0
898	Gaius	4	0	1.0
899	Galal	3	0	1.0
900	Galatia	2	0	1.0
901	Galatian	0	4	0.0
902	Galilean	0	5	0.0
903	Galilee	61	2	0.9682539682539683
904	Gallim	2	0	1.0
905	Gallio	0	11	0.0
906	Gamaliel	5	3	0.625
907	Gammadites	0	1	0.0
908	Gamul	1	0	1.0
909	Gareb	3	0	1.0
910	Garmite	1	0	1.0
911	Gatam	3	0	1.0
912	Gath	27	4	0.8709677419354839
913	Gath-Hepher	1	1	0.5
914	Gath-Rimmon	3	1	0.75
915	Gaza	17	5	0.7727272727272727
916	Gazez	2	0	1.0
917	Gazzam	2	0	1.0
918	Ge-Harashim	0	1	0.0
919	Geba	12	7	0.631578947368421
920	Gebal	1	1	0.5
921	Gebalite	0	2	0.0
922	Geber	1	0	1.0
923	Gebim	1	0	1.0
924	Gedaliah	31	0	1.0
925	Gederah	1	1	0.5
926	Gederite	1	0	1.0
927	Gederoth	2	0	1.0
928	Gederothaim	1	0	1.0
929	Gedor	6	1	0.8571428571428571
930	Gehazi	12	0	1.0
931	Gehenna	0	3	0.0
932	Gemalli	1	0	1.0
933	Gemariah	5	0	1.0
934	Gennesaret	2	2	0.5
935	Genubath	1	0	1.0
936	Gera	7	2	0.7777777777777778
937	Gerar	9	1	0.9
938	Gerasene	0	1	0.0
939	Gerizim	4	0	1.0
940	Gershom	8	6	0.5714285714285714
941	Gershon	17	0	1.0
942	Gershonite	12	1	0.9230769230769231
943	Geshan	1	0	1.0
944	Geshem	3	1	0.75
945	Geshur	9	0	1.0
946	Geshurite	4	2	0.6666666666666666
947	Gether	2	0	1.0
948	Gethsemane	0	1	0.0
949	Geuel	1	0	1.0
950	Gezer	12	3	0.8
951	Giah	1	0	1.0
952	Gibbar	1	0	1.0
953	Gibbethon	5	0	1.0
954	Gibea	1	0	1.0
955	Gibeah	35	3	0.9210526315789473
956	Gibeon	35	0	1.0
957	Gibeonite	6	0	1.0
958	Giddalti	2	0	1.0
959	Giddel	4	0	1.0
960	Gideon	37	1	0.9736842105263158
961	Gidom	1	0	1.0
962	Gihon	6	0	1.0
963	Gilalai	1	0	1.0
964	Gilboa	8	0	1.0
965	Gilead	132	5	0.9635036496350365
966	Gileadite	10	1	0.9090909090909091
967	Gilgal	35	3	0.9210526315789473
968	Giloh	2	0	1.0
969	Gilonite	2	0	1.0
970	Gimzo	1	0	1.0
971	Ginath	2	0	1.0
972	Ginnethoi	0	1	0.0
973	Ginnethon	1	1	0.5
974	Girgashite	6	1	0.8571428571428571
975	Girzite	0	1	0.0
976	Gishpa	0	1	0.0
977	Gittaim	2	0	1.0
978	Gittite	10	0	1.0
979	Gizonite	1	0	1.0
980	Goah	0	1	0.0
981	Gob	2	0	1.0
982	Gog	12	0	1.0
983	Golan	3	1	0.75
984	Goliath	5	1	0.8333333333333334
985	Gomer	6	0	1.0
986	Gomorrah	18	4	0.8181818181818182
987	Goren ha-Atad	0	2	0.0
988	Goshen	13	1	0.9285714285714286
989	Gozan	5	0	1.0
990	Greece	0	9	0.0
991	Greek	0	3	0.0
992	Greek woman	0	2	0.0
993	Gudgodah	1	0	1.0
994	Guni	4	0	1.0
995	Gunite	1	0	1.0
996	Gur	1	0	1.0
997	Gur-Baal	1	0	1.0
998	Haahashtari	1	0	1.0
999	Habaiah	2	0	1.0
1000	Habakkuk	2	0	1.0
1001	Habazziniah	0	1	0.0
1002	Habor	3	0	1.0
1003	Hacaliah	0	2	0.0
1004	Hachilah	3	0	1.0
1005	Hachmonite	1	1	0.5
1006	Hadad	12	1	0.9230769230769231
1007	Hadad-Rimmon	0	1	0.0
1008	Hadadezer	8	10	0.4444444444444444
1009	Hadar	1	0	1.0
1010	Hadashah	1	0	1.0
1011	Hadassah	1	0	1.0
1012	Hadid	3	0	1.0
1013	Hadlai	1	0	1.0
1014	Hadoram	4	0	1.0
1015	Hadrach	1	0	1.0
1016	Haeleph	0	1	0.0
1017	Hagab	1	0	1.0
1018	Hagabah	1	1	0.5
1019	Hagar	10	0	1.0
1020	Haggai	11	0	1.0
1021	Haggedolim	0	1	0.0
1022	Haggi	2	0	1.0
1023	Haggiah	0	1	0.0
1024	Haggite	1	0	1.0
1025	Haggith	5	0	1.0
1026	Hagri	0	1	0.0
1027	Hagrite	0	5	0.0
1028	Hakkatan	1	0	1.0
1029	Hakupha	2	0	1.0
1030	Halah	3	0	1.0
1031	Halhul	1	0	1.0
1032	Hali	1	0	1.0
1033	Hallohesh	0	2	0.0
1034	Ham	17	0	1.0
1035	Haman	45	0	1.0
1036	Hamath	33	2	0.9428571428571428
1037	Hamath-rabbah	0	1	0.0
1038	Hamath-zobah	1	0	1.0
1039	Hamathite	2	0	1.0
1040	Hammath	1	1	0.5
1041	Hammedatha	5	0	1.0
1042	Hammolecheth	0	1	0.0
1043	Hammon	1	1	0.5
1044	Hammoth-Dor	1	0	1.0
1045	Hammuel	0	1	0.0
1046	Hamonah	1	0	1.0
1047	Hamor	13	1	0.9285714285714286
1048	Hamran	0	1	0.0
1049	Hamul	3	0	1.0
1050	Hamulite	1	0	1.0
1051	Hamutal	5	0	1.0
1052	Hanamel	0	4	0.0
1053	Hanan	10	2	0.8333333333333334
1054	Hananel	0	4	0.0
1055	Hanani	11	0	1.0
1056	Hananiah	28	1	0.9655172413793104
1057	Hanes	1	0	1.0
1058	Hannah	13	0	1.0
1059	Hannathon	1	0	1.0
1060	Hanniel	1	1	0.5
1061	Hanochite	1	0	1.0
1062	Hanun	11	0	1.0
1063	Hapharaim	1	0	1.0
1064	Happizzez	0	1	0.0
1065	Har-Heres	0	1	0.0
1066	Hara	1	0	1.0
1067	Haradah	2	0	1.0
1068	Haran	18	0	1.0
1069	Hararite	4	0	1.0
1070	Harbona	2	0	1.0
1071	Hareph	1	0	1.0
1072	Harhaiah	1	0	1.0
1073	Harhas	1	0	1.0
1074	Harhur	2	0	1.0
1075	Harim	9	2	0.8181818181818182
1076	Hariph	1	1	0.5
1077	Harmon	0	1	0.0
1078	Harnepher	1	0	1.0
1079	Harod	1	0	1.0
1080	Haroeh	1	0	1.0
1081	Harosheth-Hagoyim	0	3	0.0
1082	Harsha	2	0	1.0
1083	Harum	1	0	1.0
1084	Harumaph	1	0	1.0
1085	Haruphite	0	1	0.0
1086	Haruz	1	0	1.0
1087	Hasadiah	1	0	1.0
1088	Hashabiah	13	2	0.8666666666666667
1089	Hashabnah	0	1	0.0
1090	Hashabneiah	0	2	0.0
1091	Hashbaddanah	0	1	0.0
1092	Hashem	1	0	1.0
1093	Hashmonah	2	0	1.0
1094	Hashubah	1	0	1.0
1095	Hashum	4	1	0.8
1096	Hasrah	1	0	1.0
1097	Hassenaah	1	0	1.0
1098	Hassenuah	0	2	0.0
1099	Hasshub	1	4	0.2
1100	Hasupha	1	1	0.5
1101	Hatath	0	1	0.0
1102	Hathach	0	4	0.0
1103	Hatipha	2	0	1.0
1104	Hatitah	0	2	0.0
1105	Hattil	2	0	1.0
1106	Hattush	4	1	0.8
1107	Hauran	2	0	1.0
1108	Havilah	7	0	1.0
1109	Hazael	20	1	0.9523809523809523
1110	Hazaiah	1	0	1.0
1111	Hazar Addar	0	1	0.0
1112	Hazar-Enan	3	0	1.0
1113	Hazar-Enon	0	1	0.0
1114	Hazar-Gaddah	1	0	1.0
1115	Hazar-Shual	4	0	1.0
1116	Hazar-Susah	1	0	1.0
1117	Hazar-Susim	1	0	1.0
1118	Hazarmaveth	2	0	1.0
1119	Hazazon Tamar	0	2	0.0
1120	Hazer-hatticon	0	1	0.0
1121	Hazeroth	6	0	1.0
1122	Haziel	1	0	1.0
1123	Hazo	1	0	1.0
1124	Hazor	18	0	1.0
1125	Hazor-Hadattah	0	1	0.0
1126	Hazzelelponi	0	1	0.0
1127	Hazzobebah	0	1	0.0
1128	Heber	10	0	1.0
1129	Heberite	1	0	1.0
1130	Hebrew	37	0	1.0
1131	Hebron	61	5	0.9242424242424242
1132	Hebronite	5	0	1.0
1133	Hegai	3	1	0.75
1134	Hela	2	0	1.0
1135	Helam	2	0	1.0
1136	Helbah	1	0	1.0
1137	Helbon	1	0	1.0
1138	Heldai	2	0	1.0
1139	Heleb	1	0	1.0
1140	Heled	1	0	1.0
1141	Helek	2	0	1.0
1142	Helekite	1	0	1.0
1143	Helem	2	0	1.0
1144	Heleph	1	0	1.0
1145	Helez	5	0	1.0
1146	Heli	0	29	0.0
1147	Helkai	1	0	1.0
1148	Helkath	2	0	1.0
1149	Hellenist	0	1	0.0
1150	Helon	5	0	1.0
1151	Heman	12	4	0.75
1152	Hemdan	1	0	1.0
1153	Hen	1	0	1.0
1154	Hena	3	0	1.0
1155	Henadad	3	1	0.75
1156	Hepher	9	0	1.0
1157	Hepherite	1	0	1.0
1158	Hephzibah	0	1	0.0
1159	Heres	0	1	0.0
1160	Heresh	1	0	1.0
1161	Hereth	0	1	0.0
1162	Hermes	1	1	0.5
1163	Hermogenes	0	1	0.0
1164	Hermon	12	2	0.8571428571428571
1165	Herod	39	0	1.0
1166	Herodians	0	1	0.0
1167	Herodias	0	3	0.0
1168	Herodion	0	6	0.0
1169	Heshbon	35	3	0.9210526315789473
1170	Heshmon	1	0	1.0
1171	Heth	14	0	1.0
1172	Hethlon	2	0	1.0
1173	Hezekiah	87	3	0.9666666666666667
1174	Hezion	1	0	1.0
1175	Hezir	1	1	0.5
1176	Hezro	1	1	0.5
1177	Hezron	18	0	1.0
1178	Hezronite	2	0	1.0
1179	Hiddayi	0	1	0.0
1180	Hiel	1	0	1.0
1181	Hilen	0	2	0.0
1182	Hilkiah	19	0	1.0
1183	Hillel	2	0	1.0
1184	Hilqiah	0	14	0.0
1185	Hirah	2	0	1.0
1186	Hiram	21	18	0.5384615384615384
1187	Hittite	48	0	1.0
1188	Hivite	25	0	1.0
1189	Hizki	0	1	0.0
1190	Hobab	2	0	1.0
1191	Hobah	1	0	1.0
1192	Hod	1	0	1.0
1193	Hodaviah	3	1	0.75
1194	Hodesh	1	0	1.0
1195	Hodevah	1	0	1.0
1196	Hodiah	1	5	0.16666666666666666
1197	Hoglah	4	0	1.0
1198	Hoham	1	0	1.0
1199	Holon	3	0	1.0
1200	Homam	1	0	1.0
1201	Hophni	5	0	1.0
1202	Hophra	1	0	1.0
1203	Hor	10	0	1.0
1204	Hor-Haggidgad	0	2	0.0
1205	Horam	1	0	1.0
1206	Horeb	17	0	1.0
1207	Horem	1	0	1.0
1208	Horesh	0	4	0.0
1209	Hori	3	0	1.0
1210	Horite	4	3	0.5714285714285714
1211	Hormah	9	0	1.0
1212	Horonaim	4	0	1.0
1213	Horonite	3	0	1.0
1214	Hosah	5	0	1.0
1215	Hoshaiah	3	0	1.0
1216	Hoshama	1	0	1.0
1217	Hoshea	10	5	0.6666666666666666
1218	Hotham	1	1	0.5
1219	Hothir	2	0	1.0
1220	Hukok	0	2	0.0
1221	Hul	2	0	1.0
1222	Huldah	2	0	1.0
1223	Humtah	1	0	1.0
1224	Hupham	1	0	1.0
1225	Huphamite	1	0	1.0
1226	Huppah	1	0	1.0
1227	Huppim	3	0	1.0
1228	Hur	15	0	1.0
1229	Hurai	1	0	1.0
1230	Huram	1	0	1.0
1231	Huri	1	0	1.0
1232	Hushah	1	0	1.0
1233	Hushai	13	0	1.0
1234	Husham	4	0	1.0
1235	Hushim	5	0	1.0
1236	Ibhar	3	0	1.0
1237	Ibleam	3	0	1.0
1238	Ibneiah	1	0	1.0
1239	Ibnijah	1	0	1.0
1240	Ibri	1	0	1.0
1241	Ibsam	1	0	1.0
1242	Ibzan	2	0	1.0
1243	Ichabod	0	2	0.0
1244	Iconium	0	2	0.0
1245	Idalah	1	0	1.0
1246	Idbash	1	0	1.0
1247	Iddo	13	1	0.9285714285714286
1248	Idumea	0	1	0.0
1249	Iezer	0	1	0.0
1250	Iezrite	0	1	0.0
1251	Igal	2	1	0.6666666666666666
1252	Igdaliah	1	0	1.0
1253	Iim	2	0	1.0
1254	Ijon	3	0	1.0
1255	Ikkesh	3	0	1.0
1256	Ilai	1	0	1.0
1257	Imlah	2	2	0.5
1258	Immanuel	1	0	1.0
1259	Immer	10	0	1.0
1260	Imna	1	0	1.0
1261	Imnah	3	1	0.75
1262	Imnite	1	0	1.0
1263	Imrah	1	0	1.0
1264	Imri	2	0	1.0
1265	India	2	0	1.0
1266	Iob	0	1	0.0
1267	Iphdeiah	0	1	0.0
1268	Iphthah	0	30	0.0
1269	Ir	1	0	1.0
1270	Ir-Nahash	1	0	1.0
1271	Ir-Shemesh	1	0	1.0
1272	Ira	6	0	1.0
1273	Irad	1	0	1.0
1274	Iram	2	0	1.0
1275	Iri	1	0	1.0
1276	Irijah	2	0	1.0
1277	Irpeel	1	0	1.0
1278	Iru	1	0	1.0
1279	Isaac	110	12	0.9016393442622951
1280	Isaiah	32	8	0.8
1281	Iscah	1	0	1.0
1282	Iscariot	0	20	0.0
1283	Ish-Bosheth	11	0	1.0
1284	Ishbah	1	0	1.0
1285	Ishbak	2	0	1.0
1286	Ishbi-Benob	1	0	1.0
1287	Ishhod	0	1	0.0
1288	Ishi	4	0	1.0
1289	Ishma	1	0	1.0
1290	Ishmael	44	0	1.0
1291	Ishmaelite	2	6	0.25
1292	Ishmaiah	1	1	0.5
1293	Ishmerai	1	0	1.0
1294	Ishpah	0	1	0.0
1295	Ishpan	1	0	1.0
1296	Ishva	0	2	0.0
1297	Ishvi	0	4	0.0
1298	Ishvite	0	1	0.0
1299	Ismachiah	1	0	1.0
1300	Israel	2523	59	0.97714949651433
1301	Israelite	1	2	0.3333333333333333
1302	Issachar	40	5	0.8888888888888888
1303	Isshiah	3	4	0.42857142857142855
1304	Italy	0	1	0.0
1305	Ithai	1	0	1.0
1306	Ithamar	21	0	1.0
1307	Ithiel	3	0	1.0
1308	Ithlah	0	1	0.0
1309	Ithmah	1	0	1.0
1310	Ithnan	1	0	1.0
1311	Ithra	1	0	1.0
1312	Ithran	3	0	1.0
1313	Ithream	2	0	1.0
1314	Ithrite	5	0	1.0
1315	Ittai	7	0	1.0
1316	Ituraean	0	4	0.0
1317	Ivvah	0	3	0.0
1318	Iye-Abarim	0	2	0.0
1319	Izhar	6	3	0.6666666666666666
1320	Izharite	3	1	0.75
1321	Izliah	0	1	0.0
1322	Izrahiah	2	0	1.0
1323	Izrahite	1	0	1.0
1324	Izri	1	0	1.0
1325	Izziah	0	1	0.0
1326	Jaakan	0	1	0.0
1327	Jaakobah	1	0	1.0
1328	Jaala	1	0	1.0
1329	Jaalah	1	0	1.0
1330	Jaare-Oregim	1	0	1.0
1331	Jaareshiah	0	1	0.0
1332	Jaasiel	1	1	0.5
1333	Jaasu	0	1	0.0
1334	Jaazaniah	4	0	1.0
1335	Jaaziah	2	0	1.0
1336	Jaaziel	1	0	1.0
1337	Jabal	1	0	1.0
1338	Jabbok	6	1	0.8571428571428571
1339	Jabesh	24	0	1.0
1340	Jabez	3	0	1.0
1341	Jabin	7	1	0.875
1342	Jabneel	2	0	1.0
1343	Jabneh	1	0	1.0
1344	Jachin	8	0	1.0
1345	Jachinite	1	0	1.0
1346	Jacob	348	37	0.9038961038961039
1347	Jada	2	0	1.0
1348	Jaddai	0	1	0.0
1349	Jaddua	2	1	0.6666666666666666
1350	Jadon	1	0	1.0
1351	Jael	6	0	1.0
1352	Jagur	1	0	1.0
1353	Jahath	6	2	0.75
1354	Jahaz	4	0	1.0
1355	Jahaziel	5	1	0.8333333333333334
1356	Jahdai	1	0	1.0
1357	Jahdiel	1	0	1.0
1358	Jahdo	1	0	1.0
1359	Jahleel	2	0	1.0
1360	Jahleelite	1	0	1.0
1361	Jahzah	0	5	0.0
1362	Jahzeel	2	0	1.0
1363	Jahzeelite	1	0	1.0
1364	Jahzeiah	0	1	0.0
1365	Jahzerah	1	0	1.0
1366	Jahziel	1	0	1.0
1367	Jair	13	0	1.0
1368	Jairite	1	0	1.0
1369	Jairus	0	1	0.0
1370	Jakan	0	1	0.0
1371	Jakeh	1	0	1.0
1372	Jakim	2	0	1.0
1373	Jalam	0	4	0.0
1374	Jalon	1	0	1.0
1375	Jambres	0	2	0.0
1376	James	40	1	0.975609756097561
1377	Jamin	6	0	1.0
1378	Jaminite	1	0	1.0
1379	Jamlek	0	1	0.0
1380	Janai	0	1	0.0
1381	Jannai	0	1	0.0
1382	Jannes	0	2	0.0
1383	Janoah	1	2	0.3333333333333333
1384	Janum	1	0	1.0
1385	Japheth	11	0	1.0
1386	Japhia	5	0	1.0
1387	Japhlet	2	0	1.0
1388	Japhletite	0	1	0.0
1389	Jarah	1	0	1.0
1390	Jared	5	3	0.625
1391	Jarha	2	0	1.0
1392	Jarib	3	0	1.0
1393	Jarmuth	7	0	1.0
1394	Jaroah	1	0	1.0
1395	Jashen	1	0	1.0
1396	Jashobeam	2	1	0.6666666666666666
1397	Jashub	3	0	1.0
1398	Jashubite	1	0	1.0
1399	Jason	4	2	0.6666666666666666
1400	Jathniel	1	0	1.0
1401	Jattir	3	1	0.75
1402	Javan	7	4	0.6363636363636364
1403	Javanite	0	1	0.0
1404	Jazer	10	3	0.7692307692307693
1405	Jaziz	1	0	1.0
1406	Jeatherai	0	1	0.0
1407	Jeberechiah	1	0	1.0
1408	Jebus	4	0	1.0
1409	Jebusite	39	2	0.9512195121951219
1410	Jechoniah	0	1	0.0
1411	Jecoliah	2	1	0.6666666666666666
1412	Jeconiah	7	0	1.0
1413	Jedaiah	13	0	1.0
1414	Jediael	5	1	0.8333333333333334
1415	Jedidah	1	0	1.0
1416	Jedidiah	1	0	1.0
1417	Jeduthun	15	5	0.75
1418	Jehallelel	0	2	0.0
1419	Jehdeiah	2	0	1.0
1420	Jehiah	1	0	1.0
1421	Jehiel	15	0	1.0
1422	Jehieli	2	0	1.0
1423	Jehizkiah	1	40	0.024390243902439025
1424	Jehoaddah	0	2	0.0
1425	Jehoaddin	0	2	0.0
1426	Jehoahaz	20	0	1.0
1427	Jehoash	13	4	0.7647058823529411
1428	Jehohanan	6	3	0.6666666666666666
1429	Jehoiachin	11	0	1.0
1430	Jehoiada	47	4	0.9215686274509803
1431	Jehoiakim	37	0	1.0
1432	Jehoiarib	2	0	1.0
1433	Jehonadab	3	12	0.2
1434	Jehoram	21	8	0.7241379310344828
1435	Jehoshabeath	2	0	1.0
1436	Jehoshaphat	81	4	0.9529411764705882
1437	Jehosheba	1	0	1.0
1438	Jehozabad	4	0	1.0
1439	Jehozadak	2	6	0.25
1440	Jehu	57	1	0.9827586206896551
1441	Jehubbah	1	0	1.0
1442	Jehucal	1	0	1.0
1443	Jeiel	11	2	0.8461538461538461
1444	Jekabzeel	1	0	1.0
1445	Jekameam	2	0	1.0
1446	Jekamiah	1	1	0.5
1447	Jekuthiel	1	0	1.0
1448	Jemimah	0	1	0.0
1449	Jemuel	2	0	1.0
1450	Jephthah	0	5	0.0
1451	Jephunneh	15	1	0.9375
1452	Jerah	2	0	1.0
1453	Jerahmeel	8	0	1.0
1454	Jerahmeelite	2	0	1.0
1455	Jeremai	1	0	1.0
1456	Jeremiah	129	4	0.9699248120300752
1457	Jeremoth	5	1	0.8333333333333334
1458	Jeriah	2	1	0.6666666666666666
1459	Jeribai	1	0	1.0
1460	Jericho	56	1	0.9824561403508771
1461	Jeriel	1	0	1.0
1462	Jerimoth	6	1	0.8571428571428571
1463	Jerioth	1	0	1.0
1464	Jeroboam	95	1	0.9895833333333334
1465	Jeroham	7	3	0.7
1466	Jerubbaal	13	0	1.0
1467	Jerubbesheth	1	0	1.0
1468	Jeruel	1	0	1.0
1469	Jerusalem	782	30	0.9630541871921182
1470	Jerusha	2	0	1.0
1471	Jeshaiah	2	2	0.5
1472	Jeshanah	1	0	1.0
1473	Jesharelah	1	0	1.0
1474	Jeshebeab	1	0	1.0
1475	Jesher	1	0	1.0
1476	Jeshishai	1	0	1.0
1477	Jeshohaiah	1	0	1.0
1478	Jeshua	29	1	0.9666666666666667
1479	Jeshurun	3	1	0.75
1480	Jesimiel	1	0	1.0
1481	Jesse	38	1	0.9743589743589743
1482	Jesus	0	3	0.0
1483	Jether	7	1	0.875
1484	Jetheth	2	0	1.0
1485	Jethro	9	0	1.0
1486	Jetur	3	0	1.0
1487	Jeuel	1	0	1.0
1488	Jeush	8	1	0.8888888888888888
1489	Jeuz	1	0	1.0
1490	Jew	16	3	0.8421052631578947
1491	Jewish	0	186	0.0
1492	Jezaniah	1	0	1.0
1493	Jezebel	22	1	0.9565217391304348
1494	Jezer	3	0	1.0
1495	Jezerite	1	0	1.0
1496	Jeziel	2	0	1.0
1497	Jezrahaiah	0	1	0.0
1498	Jezreel	35	1	0.9722222222222222
1499	Jezreelite	13	0	1.0
1500	Jidlaph	1	0	1.0
1501	Joab	141	4	0.9724137931034482
1502	Joah	10	1	0.9090909090909091
1503	Joahaz	1	3	0.25
1504	Joanan	0	2	0.0
1505	Joanna	1	0	1.0
1506	Joash	48	1	0.9795918367346939
1507	Job	58	2	0.9666666666666667
1508	Jobab	9	0	1.0
1509	Jochebed	2	0	1.0
1510	Joda	0	3	0.0
1511	Joed	1	0	1.0
1512	Joel	17	3	0.85
1513	Joelah	0	1	0.0
1514	Joezer	0	1	0.0
1515	Jogbehah	2	0	1.0
1516	Jogli	1	0	1.0
1517	Joha	2	0	1.0
1518	Johanan	22	2	0.9166666666666666
1519	John	130	6	0.9558823529411765
1520	Joiada	4	1	0.8
1521	Joiakim	4	0	1.0
1522	Joiarib	5	0	1.0
1523	Jokdeam	1	0	1.0
1524	Jokim	1	0	1.0
1525	Jokmeam	0	2	0.0
1526	Jokneam	3	0	1.0
1527	Jokshan	3	0	1.0
1528	Joktan	6	0	1.0
1529	Joktheel	2	0	1.0
1530	Jonah	18	2	0.9
1531	Jonam	0	1	0.0
1532	Jonathan	120	4	0.967741935483871
1533	Joppa	2	3	0.4
1534	Jorah	1	0	1.0
1535	Jorai	1	0	1.0
1536	Joram	20	9	0.6896551724137931
1537	Jordan	153	11	0.9329268292682927
1538	Jorim	0	2	0.0
1539	Jorkeam	0	1	0.0
1540	Josech	0	2	0.0
1541	Joseph	240	9	0.963855421686747
1542	Joses	1	1	0.5
1543	Joshah	1	0	1.0
1544	Joshaphat	1	1	0.5
1545	Joshaviah	1	0	1.0
1546	Joshbekashah	2	0	1.0
1547	Josheb-Basshebeth	0	1	0.0
1548	Joshibiah	0	1	0.0
1549	Joshua	216	916	0.19081272084805653
1550	Josiah	53	2	0.9636363636363636
1551	Josiphiah	1	0	1.0
1552	Jotbah	1	0	1.0
1553	Jotbathah	2	1	0.6666666666666666
1554	Jotham	24	0	1.0
1555	Jozabad	7	4	0.6363636363636364
1556	Jozadak	5	0	1.0
1557	Jubal	1	0	1.0
1558	Jucal	1	0	1.0
1559	Judah	795	145	0.8457446808510638
1560	Judas	8	6	0.5714285714285714
1561	Judea	0	15	0.0
1562	Judean	0	49	0.0
1563	Judith	1	0	1.0
1564	Julia	0	1	0.0
1565	Julius	0	4	0.0
1566	Junias	0	1	0.0
1567	Jushab-Hesed	1	0	1.0
1568	Justus	2	2	0.5
1569	Juttah	2	0	1.0
1570	Kabzeel	3	0	1.0
1571	Kadesh	15	0	1.0
1572	Kadesh Barnea	0	10	0.0
1573	Kadmiel	7	1	0.875
1574	Kadmonite	1	0	1.0
1575	Kaiwan	0	1	0.0
1576	Kallai	1	0	1.0
1577	Kamon	0	1	0.0
1578	Kanah	3	0	1.0
1579	Kareah	13	1	0.9285714285714286
1580	Karka	1	0	1.0
1581	Karkor	1	0	1.0
1582	Karnaim	0	1	0.0
1583	Kartah	1	0	1.0
1584	Kartan	1	0	1.0
1585	Kattath	1	0	1.0
1586	Kedar	11	0	1.0
1587	Kedemah	2	0	1.0
1588	Kedemoth	3	1	0.75
1589	Kedesh	10	2	0.8333333333333334
1590	Kehelathah	2	0	1.0
1591	Keilah	18	0	1.0
1592	Kelaiah	1	0	1.0
1593	Kelita	2	1	0.6666666666666666
1594	Kemuel	3	0	1.0
1595	Kenan	1	5	0.16666666666666666
1596	Kenath	2	0	1.0
1597	Kenaz	11	0	1.0
1598	Kenite	12	0	1.0
1599	Kenizzite	1	3	0.25
1600	Keren-Happuch	1	0	1.0
1601	Kerioth	4	0	1.0
1602	Keros	2	0	1.0
1603	Keturah	4	0	1.0
1604	Keziah	0	1	0.0
1605	Kibroth Hattaavah	0	5	0.0
1606	Kibzaim	1	0	1.0
1607	Kidron	11	2	0.8461538461538461
1608	Kinah	1	0	1.0
1609	Kir	4	0	1.0
1610	Kir-Heres	2	3	0.4
1611	Kir-Moab	0	1	0.0
1612	Kiriath-Arba	0	9	0.0
1613	Kiriath-Baal	0	2	0.0
1614	Kiriath-Huzoth	0	1	0.0
1615	Kiriath-Jearim	0	20	0.0
1616	Kiriath-Sannah	0	1	0.0
1617	Kiriath-Sepher	0	4	0.0
1618	Kiriathaim	4	3	0.5714285714285714
1619	Kish	17	8	0.68
1620	Kishi	0	1	0.0
1621	Kishion	1	1	0.5
1622	Kishon	5	1	0.8333333333333334
1623	Kitron	1	0	1.0
1624	Kittim	2	8	0.2
1625	Koa	1	0	1.0
1626	Kohath	26	6	0.8125
1627	Kohathite	12	2	0.8571428571428571
1628	Kolaiah	2	0	1.0
1629	Korah	24	13	0.6486486486486487
1630	Korahite	2	6	0.25
1631	Kore	3	0	1.0
1632	Koz	5	1	0.8333333333333334
1633	Kushaiah	1	0	1.0
1634	Laadah	1	0	1.0
1635	Laban	45	2	0.9574468085106383
1636	Lachish	23	0	1.0
1637	Ladan	0	5	0.0
1638	Lahad	1	0	1.0
1639	Lahmas	0	1	0.0
1640	Lahmi	1	0	1.0
1641	Laish	6	0	1.0
1642	Laishah	0	1	0.0
1643	Lakkum	0	1	0.0
1644	Lamech	10	4	0.7142857142857143
1645	Laodicea	1	0	1.0
1646	Lappidoth	0	1	0.0
1647	Lasha	1	0	1.0
1648	Lazarus	11	0	1.0
1649	LaÃ«l	0	1	0.0
1650	Leah	34	0	1.0
1651	Lebanah	1	1	0.5
1652	Lebanon	60	6	0.9090909090909091
1653	Lebaoth	1	0	1.0
1654	Lebonah	1	0	1.0
1655	Lehabim	2	0	1.0
1656	Lehi	3	0	1.0
1657	Lekah	0	1	0.0
1658	Lemuel	2	0	1.0
1659	Leshem	1	0	1.0
1660	Letushim	1	0	1.0
1661	Leummim	1	0	1.0
1662	Levi	65	3	0.9558823529411765
1663	Levite	276	21	0.9292929292929293
1664	Libnah	16	1	0.9411764705882353
1665	Libni	2	3	0.4
1666	Libnite	2	0	1.0
1667	Libya	1	1	0.5
1668	Libyan	1	3	0.25
1669	Likhi	1	0	1.0
1670	Lo-Ammi	1	1	0.5
1671	Lo-Ruhamah	2	0	1.0
1672	Lod	4	0	1.0
1673	Lodebar	0	3	0.0
1674	Lot	29	2	0.9354838709677419
1675	Lotan	5	0	1.0
1676	Lucius	1	3	0.25
1677	Lud	4	1	0.8
1678	Ludim	2	1	0.6666666666666666
1679	Luhith	2	0	1.0
1680	Luz	7	0	1.0
1681	Lycaonia	1	0	1.0
1682	Lycaonian	0	2	0.0
1683	Lycia	0	1	0.0
1684	Lysanias	0	1	0.0
1685	Lysias	0	1	0.0
1686	Maacah	3	18	0.14285714285714285
1687	Maacath	0	1	0.0
1688	Maacathite	0	8	0.0
1689	Maadai	1	0	1.0
1690	Maadiah	1	0	1.0
1691	Maai	1	0	1.0
1692	Maarath	1	0	1.0
1693	Maasai	0	1	0.0
1694	Maaseiah	22	1	0.9565217391304348
1695	Maath	1	0	1.0
1696	Maaz	1	0	1.0
1697	Maaziah	1	1	0.5
1698	Macedonian	0	22	0.0
1699	Machbannai	0	1	0.0
1700	Machbenah	1	0	1.0
1701	Machi	1	0	1.0
1702	Machir	20	0	1.0
1703	Machirite	1	0	1.0
1704	Machnadebai	1	0	1.0
1705	Machpelah	6	0	1.0
1706	Madai	2	21	0.08695652173913043
1707	Madmannah	2	0	1.0
1708	Madmen	1	0	1.0
1709	Madmenah	1	0	1.0
1710	Madon	2	0	1.0
1711	Magadan	0	4	0.0
1712	Magbish	1	0	1.0
1713	Magdalene	0	1	0.0
1714	Magdiel	2	0	1.0
1715	Magog	4	12	0.25
1716	Magpiash	0	1	0.0
1717	Mahalab	0	1	0.0
1718	Mahalaleel	0	5	0.0
1719	Mahalalel	0	7	0.0
1720	Mahalath	2	0	1.0
1721	Mahanaim	10	3	0.7692307692307693
1722	Maharai	3	0	1.0
1723	Mahath	2	1	0.6666666666666666
1724	Mahavite	1	0	1.0
1725	Mahazioth	2	0	1.0
1726	Maher-Shalal-Hash-Baz	2	0	1.0
1727	Mahlah	4	1	0.8
1728	Mahli	7	4	0.6363636363636364
1729	Mahlite	2	0	1.0
1730	Mahlon	4	0	1.0
1731	Mahol	0	1	0.0
1732	Mahseiah	0	2	0.0
1733	Makaz	1	0	1.0
1734	Makheloth	2	0	1.0
1735	Makkedah	8	0	1.0
1736	Malachi	1	0	1.0
1737	Malcam	0	1	0.0
1738	Malchi-Shua	4	1	0.8
1739	Malchiel	3	0	1.0
1740	Malchielite	1	0	1.0
1741	Malchijah	5	10	0.3333333333333333
1742	Malchiram	1	0	1.0
1743	Malchus	0	1	0.0
1744	Mallothi	2	0	1.0
1745	Malluch	3	3	0.5
1746	Malluchi	0	2	0.0
1747	Malta	0	1	0.0
1748	Mamre	10	0	1.0
1749	Manaen	0	1	0.0
1750	Manahath	3	0	1.0
1751	Manahathite	0	1	0.0
1752	Manasseh	131	16	0.891156462585034
1753	Manassite	2	2	0.5
1754	Manoah	14	0	1.0
1755	Maoch	1	0	1.0
1756	Maon	6	0	1.0
1757	Mara	1	0	1.0
1758	Marah	3	0	1.0
1759	Mareal	0	1	0.0
1760	Mareshah	7	1	0.875
1761	Maroth	1	0	1.0
1762	Marsena	1	0	1.0
1763	Martha	0	1	0.0
1764	Mary	53	2	0.9636363636363636
1765	Mash	1	0	1.0
1766	Mashal	0	1	0.0
1767	Masrekah	2	0	1.0
1768	Massa	2	0	1.0
1769	Massah	4	1	0.8
1770	Matred	2	0	1.0
1771	Matrite	0	1	0.0
1772	Mattan	3	0	1.0
1773	Mattanah	2	0	1.0
1774	Mattaniah	16	0	1.0
1775	Mattatha	0	2	0.0
1776	Mattathias	1	1	0.5
1777	Mattattah	0	1	0.0
1778	Mattenai	3	0	1.0
1779	Matthat	1	5	0.16666666666666666
1780	Matthias	0	1	0.0
1781	Mattitiah	0	8	0.0
1782	Mearah	1	0	1.0
1783	Mebunnai	1	0	1.0
1784	Mecherathite	1	0	1.0
1785	Meconah	0	1	0.0
1786	Medad	2	0	1.0
1787	Medan	2	0	1.0
1788	Medeba	5	0	1.0
1789	Megiddo	12	0	1.0
1790	Mehetabel	2	1	0.6666666666666666
1791	Mehida	2	0	1.0
1792	Mehir	1	0	1.0
1793	Meholathite	2	0	1.0
1794	Mehujael	1	0	1.0
1795	Mehuman	1	0	1.0
1796	Melatiah	1	0	1.0
1797	Melchi	9	0	1.0
1798	Melchizedek	2	1	0.6666666666666666
1799	Melech	2	0	1.0
1800	Memphis	1	7	0.125
1801	Memucan	3	0	1.0
1802	Menahem	8	0	1.0
1803	Menuhoth	0	1	0.0
1804	Meonothai	1	0	1.0
1805	Mephaath	3	1	0.75
1806	Mephibosheth	13	2	0.8666666666666667
1807	Merab	3	0	1.0
1808	Meraiah	1	0	1.0
1809	Meraioth	6	1	0.8571428571428571
1810	Merari	34	5	0.8717948717948718
1811	Merarite	1	0	1.0
1812	Merathaim	1	0	1.0
1813	Mered	2	0	1.0
1814	Meremoth	5	1	0.8333333333333334
1815	Meres	1	0	1.0
1816	Merib-Baal	4	0	1.0
1817	Meribah	6	5	0.5454545454545454
1818	Merodach	1	0	1.0
1819	Merodach-Baladan	1	1	0.5
1820	Merom	2	0	1.0
1821	Meronothite	2	0	1.0
1822	Meroz	1	0	1.0
1823	Mesha	4	0	1.0
1824	Meshach	16	0	1.0
1825	Meshech	8	1	0.8888888888888888
1826	Meshelemiah	4	0	1.0
1827	Meshezabel	0	3	0.0
1828	Meshillemith	1	0	1.0
1829	Meshillemoth	2	0	1.0
1830	Meshobab	1	0	1.0
1831	Meshullam	23	2	0.92
1832	Meshullemeth	1	0	1.0
1833	Mesopotamia	3	2	0.6
1834	Methuselah	6	2	0.75
1835	Methushael	0	1	0.0
1836	Meunites	0	4	0.0
1837	Mezahab	2	0	1.0
1838	Mezobaite	0	1	0.0
1839	Mibhar	1	0	1.0
1840	Mibsam	3	0	1.0
1841	Mibzar	2	0	1.0
1842	Mica	1	4	0.2
1843	Micah	27	23	0.54
1844	Micaiah	0	5	0.0
1845	Michael	11	3	0.7857142857142857
1846	Michal	17	0	1.0
1847	Michmash	9	2	0.8181818181818182
1848	Michmethath	0	2	0.0
1849	Michri	1	0	1.0
1850	Middin	1	0	1.0
1851	Midian	53	3	0.9464285714285714
1852	Midianite	5	3	0.625
1853	Migdal Eder	0	1	0.0
1854	Migdal-El	1	0	1.0
1855	Migdal-Gad	1	0	1.0
1856	Migdol	4	2	0.6666666666666666
1857	Migron	2	0	1.0
1858	Mijamin	1	3	0.25
1859	Mikloth	4	0	1.0
1860	Mikneiah	2	0	1.0
1861	Milalai	1	0	1.0
1862	Milcah	10	0	1.0
1863	Milcom	3	0	1.0
1864	Miniamin	3	0	1.0
1865	Minni	1	0	1.0
1866	Minnith	2	0	1.0
1867	Miriam	13	0	1.0
1868	Mirmah	0	1	0.0
1869	Mishael	8	0	1.0
1870	Mishal	1	1	0.5
1871	Misham	1	0	1.0
1872	Mishma	4	0	1.0
1873	Mishmannah	0	1	0.0
1874	Mishraite	1	0	1.0
1875	Mispar	1	1	0.5
1876	Misrephoth-Maim	2	0	1.0
1877	Mithkah	0	2	0.0
1878	Mithnite	1	0	1.0
1879	Mithredath	2	0	1.0
1880	Mizpa	21	16	0.5675675675675675
1881	Mizpeh	6	0	1.0
1882	Mizraim	5	676	0.007342143906020558
1883	Mizzah	3	0	1.0
1884	Moab	176	4	0.9777777777777777
1885	Moabite	12	4	0.75
1886	Moadiah	1	0	1.0
1887	Moladah	4	0	1.0
1888	Molech	8	0	1.0
1889	Molid	1	0	1.0
1890	Mordecai	52	0	1.0
1891	Moreh	3	0	1.0
1892	Moresheth-Gath	1	0	1.0
1893	Moriah	2	0	1.0
1894	Moserah	0	3	0.0
1895	Moseroth	2	0	1.0
1896	Moses	756	11	0.9856584093872229
1897	Most High	20	11	0.6451612903225806
1898	Moza	5	0	1.0
1899	Mozah	1	0	1.0
1900	Muppim	1	0	1.0
1901	Mushi	6	2	0.75
1902	Mushite	2	0	1.0
1903	Naam	1	0	1.0
1904	Naamah	5	0	1.0
1905	Naaman	14	1	0.9333333333333333
1906	Naamathite	4	0	1.0
1907	Naamite	1	0	1.0
1908	Naarah	2	1	0.6666666666666666
1909	Naarai	1	0	1.0
1910	Naaran	1	0	1.0
1911	Nabal	18	0	1.0
1912	Naboth	18	0	1.0
1913	Nadab	20	0	1.0
1914	Naggai	0	3	0.0
1915	Nahalal	1	2	0.3333333333333333
1916	Nahaliel	1	0	1.0
1917	Naham	1	0	1.0
1918	Nahamani	1	0	1.0
1919	Naharai	2	0	1.0
1920	Nahash	8	0	1.0
1921	Nahath	4	1	0.8
1922	Nahbi	1	0	1.0
1923	Nahor	16	1	0.9411764705882353
1924	Nahshon	8	81	0.0898876404494382
1925	Nahum	1	1	0.5
1926	Nain	0	1	0.0
1927	Naioth	5	0	1.0
1928	Naomi	20	0	1.0
1929	Naphish	2	1	0.6666666666666666
1930	Naphtali	43	6	0.8775510204081632
1931	Naphtuhim	2	0	1.0
1932	Nathan	45	1	0.9782608695652174
1933	Nathan-Melech	1	0	1.0
1934	Nathanael	0	13	0.0
1935	Nazarene	1	17	0.05555555555555555
1936	Nazareth	0	1	0.0
1937	Neah	1	0	1.0
1938	Neariah	3	0	1.0
1939	Nebai	0	2	0.0
1940	Nebaioth	2	3	0.4
1941	Neballat	1	0	1.0
1942	Nebath	0	25	0.0
1943	Nebo	13	0	1.0
1944	Nebuchadnezzar	56	3	0.9491525423728814
1945	Nebuchadrezzar	32	2	0.9411764705882353
1946	Nebushazban	0	1	0.0
1947	Nebuzaradan	0	15	0.0
1948	Neco	0	8	0.0
1949	Nedabiah	1	0	1.0
1950	Negeb	0	110	0.0
1951	Nehemiah	7	1	0.875
1952	Nehum	1	0	1.0
1953	Nehushta	1	0	1.0
1954	Nehushtan	1	0	1.0
1955	Neiel	1	0	1.0
1956	Nekoda	4	0	1.0
1957	Nemuel	3	0	1.0
1958	Nemuelite	1	0	1.0
1959	Nepheg	4	0	1.0
1960	Nephisim	0	3	0.0
1961	Nephtoah	2	0	1.0
1962	Nephushesim	0	1	0.0
1963	Ner	16	0	1.0
1964	Nereus	0	1	0.0
1965	Nergal	1	0	1.0
1966	Nergal-Sharezer	3	0	1.0
1967	Neri	0	1	0.0
1968	Neriah	10	0	1.0
1969	Netaim	0	1	0.0
1970	Nethanel	0	14	0.0
1971	Nethaniah	20	0	1.0
1972	Netophah	2	0	1.0
1973	Netophathite	9	1	0.9
1974	Neziah	2	0	1.0
1975	Nezib	1	0	1.0
1976	Nibhaz	1	0	1.0
1977	Nibshan	1	0	1.0
1978	Nicodemus	0	2	0.0
1979	Nicolaitan	0	1	0.0
1980	Nicolas	0	5	0.0
1981	Nicopolis	0	1	0.0
1982	Nile	0	43	0.0
1983	Nimrah	1	0	1.0
1984	Nimrim	2	0	1.0
1985	Nimrod	3	1	0.75
1986	Nimshi	5	0	1.0
1987	Nineveh	14	1	0.9333333333333333
1988	Ninevite	0	1	0.0
1989	Nisroch	2	0	1.0
1990	Noadiah	2	0	1.0
1991	Noah	43	1	0.9772727272727273
1992	Nob	5	1	0.8333333333333334
1993	Nobah	3	0	1.0
1994	Nod	1	0	1.0
1995	Nodab	1	0	1.0
1996	Nogah	2	0	1.0
1997	Nohah	1	0	1.0
1998	Nophah	1	0	1.0
1999	Nun	29	1	0.9666666666666667
2000	Obadiah	17	2	0.8947368421052632
2001	Obal	1	0	1.0
2002	Obed	9	1	0.9
2003	Obed-Edom	20	0	1.0
2004	Obil	1	0	1.0
2005	Oboth	4	0	1.0
2006	Ochran	0	5	0.0
2007	Oded	3	0	1.0
2008	Og	21	1	0.9545454545454546
2009	Ohad	2	0	1.0
2010	Ohel	1	0	1.0
2011	Oholah	0	5	0.0
2012	Oholiab	0	5	0.0
2013	Oholibah	0	6	0.0
2014	Oholibamah	0	8	0.0
2015	Omar	3	0	1.0
2016	Omri	16	0	1.0
2017	On	4	1	0.8
2018	Onam	4	0	1.0
2019	Onan	8	0	1.0
2020	Onesimus	0	2	0.0
2021	Ono	5	0	1.0
2022	Ophel	5	0	1.0
2023	Ophir	11	2	0.8461538461538461
2024	Ophni	1	0	1.0
2025	Ophrah	8	0	1.0
2026	Oreb	2	1	0.6666666666666666
2027	Oren	1	0	1.0
2028	Ornan	10	0	1.0
2029	Orpah	2	0	1.0
2030	Osnappar	0	1	0.0
2031	Othni	1	0	1.0
2032	Othniel	6	0	1.0
2033	Ozem	2	0	1.0
2034	Ozni	1	0	1.0
2035	Oznite	1	0	1.0
2036	Paarai	1	0	1.0
2037	Paddan	0	1	0.0
2038	Paddan-aram	0	10	0.0
2039	Padon	2	0	1.0
2040	Pagiel	5	0	1.0
2041	Pahath-Moab	5	1	0.8333333333333334
2042	Palal	1	0	1.0
2043	Pallu	4	1	0.8
2044	Palluite	1	0	1.0
2045	Palti	2	1	0.6666666666666666
2046	Paltiel	1	1	0.5
2047	Paphos	0	1	0.0
2048	Parah	1	0	1.0
2049	Paran	10	0	1.0
2050	Parmashta	1	0	1.0
2051	Parnach	1	0	1.0
2052	Parosh	4	2	0.6666666666666666
2053	Parshandatha	1	0	1.0
2054	Paruah	1	0	1.0
2055	Parvaim	1	0	1.0
2056	Pas-Dammim	1	0	1.0
2057	Pasach	1	0	1.0
2058	Paseah	3	1	0.75
2059	Pashhur	0	12	0.0
2060	Pathrus	0	5	0.0
2061	Pathrusim	2	0	1.0
2062	Patmos	0	1	0.0
2063	Pau	1	1	0.5
2064	Paul	155	3	0.9810126582278481
2065	Pedahel	1	0	1.0
2066	Pedahzur	5	0	1.0
2067	Pedaiah	8	0	1.0
2068	Pekah	11	0	1.0
2069	Pekahiah	3	0	1.0
2070	Pekod	2	0	1.0
2071	Pelaiah	2	1	0.6666666666666666
2072	Pelaliah	1	0	1.0
2073	Pelatiah	4	1	0.8
2074	Peleg	7	98	0.06666666666666667
2075	Pelet	2	0	1.0
2076	Peleth	2	0	1.0
2077	Pelethite	7	0	1.0
2078	Pelonite	3	0	1.0
2079	Peniel	0	1	0.0
2080	Peninnah	3	0	1.0
2081	Penuel	6	1	0.8571428571428571
2082	Peor	4	0	1.0
2083	Perazim	1	0	1.0
2084	Peresh	1	0	1.0
2085	Perez	3	11	0.21428571428571427
2086	Perez Uzzah	0	4	0.0
2087	Perezite	0	1	0.0
2088	Perga	2	0	1.0
2089	Perida	1	0	1.0
2090	Perizzite	23	0	1.0
2091	Persia	28	0	1.0
2092	Persian	3	0	1.0
2093	Peruda	1	0	1.0
2094	Peter	0	3	0.0
2095	Pethahiah	4	0	1.0
2096	Pethor	1	1	0.5
2097	Pethuel	1	0	1.0
2098	Peullethai	0	1	0.0
2099	Pharaoh	266	8	0.9708029197080292
2100	Pharisee	0	5	0.0
2101	Pharpar	1	0	1.0
2102	Phicol	0	3	0.0
2103	Philip	23	0	1.0
2104	Philippi	0	1	0.0
2105	Philippian	0	1	0.0
2106	Philistia	1	7	0.125
2107	Philistine	281	9	0.9689655172413794
2108	Phinehas	23	1	0.9583333333333334
2109	Phoebe	0	3	0.0
2110	Phoenix	0	1	0.0
2111	Pi Hahiroth	0	3	0.0
2112	Pi-Beseth	1	0	1.0
2113	Pildash	1	0	1.0
2114	Pilha	0	1	0.0
2115	Piltai	1	0	1.0
2116	Pinon	2	0	1.0
2117	Piram	1	0	1.0
2118	Pirathon	1	0	1.0
2119	Pirathonite	5	0	1.0
2120	Pisgah	8	0	1.0
2121	Pishon	0	1	0.0
2122	Pisidia	1	0	1.0
2123	Pispah	1	0	1.0
2124	Pithom	1	0	1.0
2125	Pithon	2	0	1.0
2126	Pochereth-Hazzebaim	0	2	0.0
2127	Pontius	0	1	0.0
2128	Pontus	0	3	0.0
2129	Poratha	1	0	1.0
2130	Porcius	0	2	0.0
2131	Potiphar	2	0	1.0
2132	Potiphera	0	3	0.0
2133	Puah	3	0	1.0
2134	Publius	0	2	0.0
2135	Pudens	0	1	0.0
2136	Pul	3	0	1.0
2137	Punite	1	0	1.0
2138	Punon	2	0	1.0
2139	Purah	0	2	0.0
2140	Put	2	5	0.2857142857142857
2141	Puthite	0	1	0.0
2142	Putiel	1	0	1.0
2143	Puvah	0	2	0.0
2144	Queen of Heaven	5	0	1.0
2145	Quirinius	0	1	0.0
2146	Raamah	3	0	1.0
2147	Raamiah	1	0	1.0
2148	Rabbah	12	2	0.8571428571428571
2149	Rabbi	0	2	0.0
2150	Rabbith	1	0	1.0
2151	Racal	0	1	0.0
2152	Rachel	43	2	0.9555555555555556
2153	Raddai	1	0	1.0
2154	Rahab	5	0	1.0
2155	Raham	1	0	1.0
2156	Rakem	1	5	0.16666666666666666
2157	Rakkath	1	0	1.0
2158	Rakkon	1	0	1.0
2159	Ram	6	0	1.0
2160	Ramah	32	1	0.9696969696969697
2161	Ramah of the Negeb	0	2	0.0
2162	Ramath-Lehi	1	0	1.0
2163	Ramathaim-Zophim	1	0	1.0
2164	Ramathite	1	0	1.0
2165	Rameses	4	1	0.8
2166	Ramiah	1	0	1.0
2167	Ramoth	4	2	0.6666666666666666
2168	Ramoth in Gilead	4	20	0.16666666666666666
2169	Ramoth of the Negeb	0	1	0.0
2170	Rapha	1	0	1.0
2171	Raphah	0	7	0.0
2172	Raphu	1	0	1.0
2173	Reaiah	3	1	0.75
2174	Reba	2	0	1.0
2175	Rebekah	29	0	1.0
2176	Recah	0	1	0.0
2177	Rechab	13	0	1.0
2178	Rechabite	4	0	1.0
2179	Reelaiah	1	0	1.0
2180	Regem	1	0	1.0
2181	Regem-Melech	1	0	1.0
2182	Rehabiah	3	0	1.0
2183	Rehob	8	2	0.8
2184	Rehoboam	41	0	1.0
2185	Rehoboth	4	0	1.0
2186	Rehum	7	1	0.875
2187	Rei	1	0	1.0
2188	Remaliah	13	0	1.0
2189	Remeth	1	0	1.0
2190	Rephael	1	0	1.0
2191	Rephah	1	0	1.0
2192	Rephaiah	5	0	1.0
2193	Rephaim	9	11	0.45
2194	Rephan	0	1	0.0
2195	Rephidim	5	0	1.0
2196	Resen	1	0	1.0
2197	Resheph	1	0	1.0
2198	Reu	5	0	1.0
2199	Reuben	69	3	0.9583333333333334
2200	Reubenite	15	3	0.8333333333333334
2201	Reuel	9	1	0.9
2202	Reumah	1	0	1.0
2203	Rezeph	2	0	1.0
2204	Rezin	10	1	0.9090909090909091
2205	Rezon	1	0	1.0
2206	Rhegium	0	1	0.0
2207	Rhoda	0	1	0.0
2208	Rhodes	0	1	0.0
2209	Ribai	2	0	1.0
2210	Riblah	12	1	0.9230769230769231
2211	Rimmon	11	3	0.7857142857142857
2212	Rimmon-Perez	0	2	0.0
2213	Rinnah	1	0	1.0
2214	Riphath	1	0	1.0
2215	Rissah	2	0	1.0
2216	Rithmah	2	0	1.0
2217	Riziah	0	1	0.0
2218	Rizpah	4	0	1.0
2219	Rock	2	3	0.4
2220	Rock of Escape	0	1	0.0
2221	Rodanim	0	1	0.0
2222	Rogelim	1	1	0.5
2223	Rohgah	1	0	1.0
2224	Romamti-Ezer	2	0	1.0
2225	Rome	1	11	0.08333333333333333
2226	Rosh	1	3	0.25
2227	Rufus	1	1	0.5
2228	Rumah	1	1	0.5
2229	Ruth	12	1	0.9230769230769231
2230	Sabaoth	0	7	0.0
2231	Sabbath	0	15	0.0
2232	Sabbath rest	0	2	0.0
2233	Sabean	2	0	1.0
2234	Sabtah	1	1	0.5
2235	Sabteca	0	2	0.0
2236	Sachar	0	2	0.0
2237	Sachia	0	1	0.0
2238	Sakkuth	0	1	0.0
2239	Sala	1	1	0.5
2240	Salamis	0	3	0.0
2241	Salecah	0	4	0.0
2242	Salem	0	2	0.0
2243	Salim	0	1	0.0
2244	Sallai	1	0	1.0
2245	Sallu	3	1	0.75
2246	Salma	3	0	1.0
2247	Salmon	3	0	1.0
2248	Salmone	0	2	0.0
2249	Salt Valley	0	5	0.0
2250	Salu	1	0	1.0
2251	Samaria	11	3	0.7857142857142857
2252	Samaritan	0	3	0.0
2253	Samaritan woman	0	9	0.0
2254	Samgar-Nebo	1	0	1.0
2255	Samlah	4	0	1.0
2256	Samothrace	0	2	0.0
2257	Samson	1	3	0.25
2258	Samuel	136	5	0.9645390070921985
2259	Sanballat	10	0	1.0
2260	Sansannah	1	0	1.0
2261	Saph	1	0	1.0
2262	Sapphira	0	1	0.0
2263	Sarah	32	0	1.0
2264	Sarai	13	0	1.0
2265	Saraph	1	0	1.0
2266	Sardis	0	1	0.0
2267	Sargon	1	0	1.0
2268	Sarid	2	0	1.0
2269	Sarsechim	1	0	1.0
2270	Satan	0	1	0.0
2271	Saul	321	22	0.9358600583090378
2272	Sea of Reeds	0	22	0.0
2273	Seba	4	0	1.0
2274	Sebam	0	1	0.0
2275	Secu	0	1	0.0
2276	Segub	3	0	1.0
2277	Seir	37	1	0.9736842105263158
2278	Seirah	0	1	0.0
2279	Sekakah	0	1	0.0
2280	Sela	2	1	0.6666666666666666
2281	Seled	1	0	1.0
2282	Seleucia	0	1	0.0
2283	Semachiah	1	0	1.0
2284	Semein	0	1	0.0
2285	Senaah	2	0	1.0
2286	Seneh	1	0	1.0
2287	Senir	2	2	0.5
2288	Sennacherib	13	0	1.0
2289	Seorim	1	0	1.0
2290	Sephar	1	0	1.0
2291	Sepharad	1	0	1.0
2292	Sepharvaim	6	0	1.0
2293	Sepharvite	1	0	1.0
2294	Serah	2	1	0.6666666666666666
2295	Seraiah	17	1	0.9444444444444444
2296	Sered	2	0	1.0
2297	Seredite	0	1	0.0
2298	Serpentâs Stone	0	1	0.0
2299	Serug	5	1	0.8333333333333334
2300	Seth	7	3	0.7
2301	Sethur	1	0	1.0
2302	Shaalabbin	0	2	0.0
2303	Shaalbim	0	8	0.0
2304	Shaalim	0	2	0.0
2305	Shaaph	1	1	0.5
2306	Shaaraim	1	3	0.25
2307	Shaashgaz	0	1	0.0
2308	Shabbethai	3	0	1.0
2309	Shadrach	15	0	1.0
2310	Shagee	0	1	0.0
2311	Shaharaim	1	0	1.0
2312	Shahazumah	0	1	0.0
2313	Shallum	26	9	0.7428571428571429
2314	Shalman	0	1	0.0
2315	Shalmaneser	0	1	0.0
2316	Shama	2	0	1.0
2317	Shamgar	0	1	0.0
2318	Shamhuth	0	1	0.0
2319	Shamir	1	0	1.0
2320	Shamlai	0	293	0.0
2321	Shamma	0	17	0.0
2322	Shammah	6	1	0.8571428571428571
2323	Shammai	5	1	0.8333333333333334
2324	Shammoth	0	1	0.0
2325	Shammua	4	1	0.8
2326	Shamsherai	0	4	0.0
2327	Shapham	0	1	0.0
2328	Shaphat	7	1	0.875
2329	Sharai	0	1	0.0
2330	Sharezer	2	1	0.6666666666666666
2331	Sharon	6	1	0.8571428571428571
2332	Sharonite	0	1	0.0
2333	Sharuhen	0	8	0.0
2334	Shashai	0	2	0.0
2335	Shashak	0	5	0.0
2336	Shaulite	1	0	1.0
2337	Shaveh	2	0	1.0
2338	Shavsha	1	0	1.0
2339	Sheal	1	0	1.0
2340	Shealtiel	9	4	0.6923076923076923
2341	Shear-Jashub	1	0	1.0
2342	Sheariah	0	1	0.0
2343	Sheba	32	1	0.9696969696969697
2344	Shebaniah	4	3	0.5714285714285714
2345	Sheber	1	0	1.0
2346	Shebna	9	0	1.0
2347	Shebuel	3	2	0.6
2348	Shecaniah	1	9	0.1
2349	Shechem	47	14	0.7704918032786885
2350	Shechemite	0	11	0.0
2351	Shedeur	5	0	1.0
2352	Sheerah	0	1	0.0
2353	Shehariah	1	0	1.0
2354	Shelah	3	8	0.2727272727272727
2355	Shelanite	0	2	0.0
2356	Shelemiah	9	5	0.6428571428571429
2357	Sheleph	0	1	0.0
2358	Shelesh	0	2	0.0
2359	Shelomi	0	1	0.0
2360	Shelomith	9	0	1.0
2361	Shelomoth	2	1	0.6666666666666666
2362	Shelumiel	0	1	0.0
2363	Shem	0	4	0.0
2364	Shema	5	1	0.8333333333333334
2365	Shemaah	0	3	0.0
2366	Shemaiah	39	2	0.9512195121951219
2367	Shemariah	2	2	0.5
2368	Shemeber	0	1	0.0
2369	Shemed	0	2	0.0
2370	Shemer	2	2	0.5
2371	Shemida	0	1	0.0
2372	Shemidaite	1	2	0.3333333333333333
2373	Shemiramoth	3	3	0.5
2374	Shen	0	1	0.0
2375	Shenazzar	0	1	0.0
2376	Shepham	0	1	0.0
2377	Shephatiah	10	3	0.7692307692307693
2378	Shepher	0	1	0.0
2379	Shephi	0	1	0.0
2380	Shepho	0	1	0.0
2381	Shephupham	0	1	0.0
2382	Shephuphan	0	1	0.0
2383	Sheresh	0	1	0.0
2384	Sheshach	0	3	0.0
2385	Sheshai	0	1	0.0
2386	Sheshan	0	2	0.0
2387	Sheshbazzar	2	0	1.0
2388	Shethar-Bozenai	0	1	0.0
2389	Sheva	2	0	1.0
2390	Shibah	0	1	0.0
2391	Shihor-Libnath	1	0	1.0
2392	Shikkeron	0	1	0.0
2393	Shilhi	0	1	0.0
2394	Shilhim	0	2	0.0
2395	Shillemite	0	2	0.0
2396	Shiloah	0	1	0.0
2397	Shilonite	5	33	0.13157894736842105
2398	Shilshah	0	1	0.0
2399	Shimea	2	3	0.4
2400	Shimeah	0	2	0.0
2401	Shimeam	0	1	0.0
2402	Shimeath	0	4	0.0
2403	Shimeathite	0	2	0.0
2404	Shimei	35	11	0.7608695652173914
2405	Shimon	0	2	0.0
2406	Shimrath	0	1	0.0
2407	Shimri	2	2	0.5
2408	Shimrith	0	2	0.0
2409	Shimron	3	1	0.75
2410	Shimron Meron	0	109	0.0
2411	Shimronite	0	1	0.0
2412	Shimshai	0	38	0.0
2413	Shinab	0	1	0.0
2414	Shinar	0	1	0.0
2415	Shion	1	0	1.0
2416	Shiphi	0	30	0.0
2417	Shiphmite	0	2	0.0
2418	Shiphrah	0	2	0.0
2419	Shiphtan	0	1	0.0
2420	Shisha	0	1	0.0
2421	Shishak	0	1	0.0
2422	Shitrai	2	0	1.0
2423	Shittim	5	0	1.0
2424	Shiza	1	0	1.0
2425	Shoa	1	0	1.0
2426	Shobab	4	0	1.0
2427	Shobach	2	0	1.0
2428	Shobai	2	0	1.0
2429	Shobal	9	0	1.0
2430	Shobek	0	1	0.0
2431	Shobi	1	0	1.0
2432	Shoham	1	0	1.0
2433	Shomer	1	1	0.5
2434	Shophach	2	0	1.0
2435	Shua	3	0	1.0
2436	Shuah	2	0	1.0
2437	Shual	2	0	1.0
2438	Shuhah	0	1	0.0
2439	Shuham	1	0	1.0
2440	Shuhamite	2	0	1.0
2441	Shuhite	5	0	1.0
2442	Shulammite	0	1	0.0
2443	Shumatite	0	1	0.0
2444	Shunammite	8	0	1.0
2445	Shunem	3	0	1.0
2446	Shuni	2	0	1.0
2447	Shunite	1	0	1.0
2448	Shuphamite	1	0	1.0
2449	Shuppim	2	1	0.6666666666666666
2450	Shur	6	0	1.0
2451	Shuthelah	4	0	1.0
2452	Shuthelahite	0	1	0.0
2453	Sia	1	0	1.0
2454	Siaha	1	0	1.0
2455	Sibbecai	2	2	0.5
2456	Sibmah	4	1	0.8
2457	Sibraim	1	0	1.0
2458	Sidon	3	20	0.13043478260869565
2459	Sidonian	5	11	0.3125
2460	Sihon	33	1	0.9705882352941176
2461	Silas	0	9	0.0
2462	Silla	0	1	0.0
2463	Siloam	0	4	0.0
2464	Silvanus	0	12	0.0
2465	Simeon	46	4	0.92
2466	Simeonite	0	1	0.0
2467	Simon	73	0	1.0
2468	Sin	6	0	1.0
2469	Sinai	32	2	0.9411764705882353
2470	Sinite	2	0	1.0
2471	Sion	1	0	1.0
2472	Siphmoth	1	0	1.0
2473	Sippai	1	0	1.0
2474	Sirah	1	0	1.0
2475	Sirion	2	0	1.0
2476	Sisera	18	1	0.9473684210526315
2477	Sismai	0	1	0.0
2478	Sithri	0	1	0.0
2479	Sitnah	1	0	1.0
2480	So	1	0	1.0
2481	Soco	2	5	0.2857142857142857
2482	Sodi	1	0	1.0
2483	Sodom	35	2	0.9459459459459459
2484	Solomon	0	4	0.0
2485	Sophereth	2	0	1.0
2486	Sophrites	0	1	0.0
2487	Sorek	1	0	1.0
2488	Sosipater	0	1	0.0
2489	Sosthenes	1	0	1.0
2490	Sotai	2	0	1.0
2491	Spain	0	9	0.0
2492	Stephanas	0	1	0.0
2493	Stone Pavement	0	1	0.0
2494	Stone of Bohan the son of Reuben	2	0	1.0
2495	Suah	1	0	1.0
2496	Sucathite	0	1	0.0
2497	Succoth	14	2	0.875
2498	Succoth-Benoth	1	0	1.0
2499	Sukkiim	1	0	1.0
2500	Suph	0	1	0.0
2501	Suphah	0	1	0.0
2502	Sur	1	0	1.0
2503	Susa	1	19	0.05
2504	Susi	1	0	1.0
2505	Syene	2	1	0.6666666666666666
2506	Syracuse	0	1	0.0
2507	Syria	0	1	0.0
2508	Syrians of Beth-Rehob	1	0	1.0
2509	Syrophoenician	0	8	0.0
2510	Syrtis	0	1	0.0
2511	Taanach	0	3	0.0
2512	Tabbaoth	2	0	1.0
2513	Tabbath	1	0	1.0
2514	Tabeel	1	1	0.5
2515	Taberah	0	3	0.0
2516	Tabor	0	1	0.0
2517	Tabrimmon	0	1	0.0
2518	Tahath	3	3	0.5
2519	Tahkemonite	0	1	0.0
2520	Tahpanhes	0	1	0.0
2521	Tahpenes	0	8	0.0
2522	Tahrea	0	3	0.0
2523	Talmai	3	1	0.75
2524	Talmon	5	0	1.0
2525	Tamar	22	2	0.9166666666666666
2526	Tammuz	0	2	0.0
2527	Taphath	1	0	1.0
2528	Tappuah	5	0	1.0
2529	Taralah	0	7	0.0
2530	Tarea	0	1	0.0
2531	Tarshish	22	5	0.8148148148148148
2532	Tarsus	2	0	1.0
2533	Tebah	1	0	1.0
2534	Tebaliah	1	0	1.0
2535	Tekoa	7	1	0.875
2536	Tel-Abib	0	1	0.0
2537	Tel-Harsha	0	1	0.0
2538	Tel-Melah	2	0	1.0
2539	Telah	0	3	0.0
2540	Telaim	1	0	1.0
2541	Telassar	0	5	0.0
2542	Telem	2	0	1.0
2543	Tema	0	1	0.0
2544	Temah	0	1	0.0
2545	Teman	9	5	0.6428571428571429
2546	Temanite	0	2	0.0
2547	Temeni	0	8	0.0
2548	Terah	0	2	0.0
2549	Teresh	0	14	0.0
2550	Tertullus	0	1	0.0
2551	Thebes	0	5	0.0
2552	Thebez	0	2	0.0
2553	Thessalonica	1	3	0.25
2554	Theudas	0	5	0.0
2555	Tiberias	1	2	0.3333333333333333
2556	Tiberius	0	2	0.0
2557	Tibhath	1	0	1.0
2558	Tibni	0	9	0.0
2559	Tidal	0	2	0.0
2560	Tiglath-Pileser	0	3	0.0
2561	Tigris	0	2	0.0
2562	Tikvah	1	0	1.0
2563	Tilgath-Pilneser	0	2	0.0
2564	Tilon	0	1	0.0
2565	Timaeus	0	1	0.0
2566	Timna	4	1	0.8
2567	Timnah	3	9	0.25
2568	Timnath-Herec	0	2	0.0
2569	Timnath-Serah	0	1	0.0
2570	Timon	0	24	0.0
2571	Timothy	0	1	0.0
2572	Tiphsah	0	2	0.0
2573	Tiras	0	1	0.0
2574	Tirhakah	0	1	0.0
2575	Tirhanah	0	11	0.0
2576	Tiria	0	1	0.0
2577	Tirzah	4	0	1.0
2578	Tishbite	0	1	0.0
2579	Titus	0	2	0.0
2580	Tizite	0	1	0.0
2581	Tob	4	0	1.0
2582	Tob-Adonijah	1	0	1.0
2583	Tobiah	14	3	0.8235294117647058
2584	Tobijah	1	0	1.0
2585	Togarmah	0	3	0.0
2586	Toi	0	2	0.0
2587	Tokhath	0	9	0.0
2588	Tola	6	0	1.0
2589	Tolad	0	1	0.0
2590	Topheth	0	1	0.0
2591	Tower of Shechem	3	0	1.0
2592	Tower of a Hundred	0	2	0.0
2593	Troas	0	1	0.0
2594	Tubal	0	2	0.0
2595	Tubal-Cain	0	8	0.0
2596	Twin Brothers	0	1	0.0
2597	Tychicus	0	11	0.0
2598	Tyre	16	27	0.37209302325581395
2599	Tyrian	0	6	0.0
2600	Ucal	1	0	1.0
2601	Uel	1	0	1.0
2602	Ulai	2	0	1.0
2603	Ulam	4	0	1.0
2604	Ulla	1	0	1.0
2605	Ummah	1	0	1.0
2606	Unni	3	0	1.0
2607	Uphaz	2	0	1.0
2608	Ur	5	0	1.0
2609	Uri	8	0	1.0
2610	Uriah	28	12	0.7
2611	Uriel	3	1	0.75
2612	Uthai	2	0	1.0
2613	Uz	8	0	1.0
2614	Uzai	1	0	1.0
2615	Uzal	2	0	1.0
2616	Uzza	11	0	1.0
2617	Uzzah	0	1	0.0
2618	Uzzen-Sheerah	0	1	0.0
2619	Uzzi	10	1	0.9090909090909091
2620	Uzzia	1	0	1.0
2621	Uzziah	25	1	0.9615384615384616
2622	Uzziel	15	1	0.9375
2623	Uzzielite	2	0	1.0
2624	Vaizatha	0	1	0.0
2625	Valley of Achor	4	1	0.8
2626	Valley of Aven	0	1	0.0
2627	Valley of Baca	0	1	0.0
2628	Valley of Iphtah-El	0	2	0.0
2629	Valley of Zeboim	1	0	1.0
2630	Vaniah	1	0	1.0
2631	Vashni	0	1	0.0
2632	Vashti	10	0	1.0
2633	Vophsi	1	0	1.0
2634	Waheb	0	1	0.0
2635	Wedan	0	1	0.0
2636	YHWH	0	6828	0.0
2637	Yah	0	46	0.0
2638	Yahmai	0	1	0.0
2639	Yiron	0	1	0.0
2640	Zaanan	1	0	1.0
2641	Zaanannim	1	1	0.5
2642	Zaavan	1	1	0.5
2643	Zabad	8	0	1.0
2644	Zabbai	1	0	1.0
2645	Zabdi	6	0	1.0
2646	Zabdiel	2	0	1.0
2647	Zabud	1	0	1.0
2648	Zacchaeus	0	3	0.0
2649	Zaccur	7	3	0.7
2650	Zadok	46	18	0.71875
2651	Zaham	1	0	1.0
2652	Zair	1	0	1.0
2653	Zakkai	0	3	0.0
2654	Zalaph	1	0	1.0
2655	Zalmon	2	1	0.6666666666666666
2656	Zalmonah	2	0	1.0
2657	Zalmunna	10	1	0.9090909090909091
2658	Zamzummites	0	1	0.0
2659	Zanoah	5	0	1.0
2660	Zaphenath-Paneah	0	1	0.0
2661	Zaphon	1	0	1.0
2662	Zarephath	3	3	0.5
2663	Zarethan	0	3	0.0
2664	Zattu	3	1	0.75
2665	Zaza	1	0	1.0
2666	Zebadiah	8	1	0.8888888888888888
2667	Zebah	8	1	0.8888888888888888
2668	Zebina	1	0	1.0
2669	Zeboiim	2	3	0.4
2670	Zeboim	1	0	1.0
2671	Zebudah	1	0	1.0
2672	Zebul	5	0	1.0
2673	Zebulun	40	4	0.9090909090909091
2674	Zebulunite	1	2	0.3333333333333333
2675	Zechariah	37	16	0.6981132075471698
2676	Zecher	0	1	0.0
2677	Zedad	2	0	1.0
2678	Zedekiah	61	1	0.9838709677419355
2679	Zeeb	2	1	0.6666666666666666
2680	Zela	1	0	1.0
2681	Zelek	2	0	1.0
2682	Zelophehad	9	0	1.0
2683	Zelzah	1	0	1.0
2684	Zemaraim	2	0	1.0
2685	Zemarite	2	0	1.0
2686	Zemirah	0	1	0.0
2687	Zenan	1	0	1.0
2688	Zephaniah	9	1	0.9
2689	Zephath	1	0	1.0
2690	Zephathah	0	1	0.0
2691	Zephi	1	0	1.0
2692	Zepho	2	0	1.0
2693	Zephon	1	0	1.0
2694	Zephonite	1	0	1.0
2695	Zer	1	0	1.0
2696	Zerah	18	5	0.782608695652174
2697	Zerahiah	3	1	0.75
2698	Zerahite	0	6	0.0
2699	Zered	2	1	0.6666666666666666
2700	Zeredah	0	2	0.0
2701	Zererah	0	1	0.0
2702	Zeresh	3	0	1.0
2703	Zereth	1	0	1.0
2704	Zereth-Shahar	0	1	0.0
2705	Zeri	1	0	1.0
2706	Zeror	1	0	1.0
2707	Zeruah	1	0	1.0
2708	Zerubbabel	22	0	1.0
2709	Zeruiah	25	1	0.9615384615384616
2710	Zetam	0	2	0.0
2711	Zetan	0	1	0.0
2712	Zethar	1	0	1.0
2713	Zia	1	0	1.0
2714	Ziba	13	2	0.8666666666666667
2715	Zibeon	7	0	1.0
2716	Zibia	1	0	1.0
2717	Zibiah	1	0	1.0
2718	Zichri	12	0	1.0
2719	Ziddim	1	0	1.0
2720	Ziha	3	0	1.0
2721	Ziklag	12	1	0.9230769230769231
2722	Zillah	3	0	1.0
2723	Zillethai	0	2	0.0
2724	Zilpah	7	0	1.0
2725	Zimmah	1	2	0.3333333333333333
2726	Zimran	2	0	1.0
2727	Zimri	13	0	1.0
2728	Zin	10	0	1.0
2729	Zina	1	0	1.0
2730	Zion	138	18	0.8846153846153846
2731	Zior	1	0	1.0
2732	Ziph	9	0	1.0
2733	Ziphah	1	0	1.0
2734	Ziphion	1	0	1.0
2735	Ziphites	2	1	0.6666666666666666
2736	Ziphron	1	0	1.0
2737	Zippor	7	0	1.0
2738	Zipporah	3	0	1.0
2739	Ziz	1	0	1.0
2740	Ziza	2	0	1.0
2741	Zizah	1	0	1.0
2742	Zoan	7	0	1.0
2743	Zoar	10	0	1.0
2744	Zobah	10	0	1.0
2745	Zohar	4	1	0.8
2746	Zoheth	1	0	1.0
2747	Zophah	2	0	1.0
2748	Zophai	0	1	0.0
2749	Zophar	4	0	1.0
2750	Zora	8	2	0.8
2751	Zorathite	1	1	0.5
2752	Zorite	1	0	1.0
2753	Zuar	5	0	1.0
2754	Zuph	2	1	0.6666666666666666
2755	Zur	5	0	1.0
2756	Zuriel	1	0	1.0
2757	Zurishaddai	5	0	1.0
2758	Zuzim	1	0	1.0
2759	a promise	0	2	0.0
2760	abba	0	1	0.0
2761	abomination of desolation	0	13	0.0
2762	abyss	0	4	0.0
2763	act.: raise	0	7	0.0
2764	alabaster jar	0	6	0.0
2765	angel	0	2	0.0
2766	anoint	1	446	0.0022371364653243847
2767	anointed one	0	3	0.0
2768	apparition	0	1	0.0
2769	apron	0	3	0.0
2770	arbitrator	0	1	0.0
2771	asp	0	16	0.0
2772	band of cloth	0	1	0.0
2773	bands	0	12	0.0
2774	barley	0	5	0.0
2775	basket	0	1	0.0
2776	be or become a disciple	0	1	0.0
2777	be poured out	0	2	0.0
2778	be unequally yoked	0	3	0.0
2779	bear	0	4	0.0
2780	bear witness	0	1	0.0
2781	beast of burden	0	2	0.0
2782	beer	0	5	0.0
2783	behavior	0	11	0.0
2784	believe	0	1	0.0
2785	beryl	0	2	0.0
2786	bier	0	12	0.0
2787	bird	0	1	0.0
2788	bit	0	1	0.0
2789	blameless	0	1	0.0
2790	blasphemous	0	1	0.0
2791	body	0	1	0.0
2792	bowl	0	14	0.0
2793	box-tree	0	1	0.0
2794	branch	0	2	0.0
2795	calf	0	1	0.0
2796	carnal	0	1	0.0
2797	carriage	0	1	0.0
2798	casting-net	0	1	0.0
2799	change one's mind	0	2	0.0
2800	cheer up	0	1	0.0
2801	cleansing	0	9	0.0
2802	cloak	0	1	0.0
2803	clothing	0	1	0.0
2804	co-member	0	1	0.0
2805	commander in chief	0	1	0.0
2806	complete	0	2	0.0
2807	conduct oneself	0	2	0.0
2808	container	0	2	0.0
2809	creeping animal	0	1	0.0
2810	crucify along with someone else	0	1	0.0
2811	date palm	0	5	0.0
2812	debtor	0	1	0.0
2813	deceit	0	1	0.0
2814	defile	0	1	0.0
2815	defilement	0	2	0.0
2816	deliver	0	1	0.0
2817	demonic	0	1	0.0
2818	denarius	0	1	0.0
2819	descendant of Aaron	0	1	0.0
2820	deserved	0	25	0.0
2821	destruction	0	1	0.0
2822	diamond	0	1	0.0
2823	disbelieve	0	1	0.0
2824	disgusting	0	2	0.0
2825	do good	0	73	0.0
2826	dreadful event or sight	0	1	0.0
2827	dry wood	0	3	0.0
2828	dugong	0	1	0.0
2829	eagle	0	1	0.0
2830	eaten by worms	0	1	0.0
2831	enemy	0	1	0.0
2832	enthusiast	0	2	0.0
2833	eternal	0	25	0.0
2834	fasting	0	1	0.0
2835	fearful	0	1	0.0
2836	feed box	0	3	0.0
2837	field grasses	0	7	0.0
2838	fine linen	0	1	0.0
2839	foal	0	1	0.0
2840	fork	0	1	0.0
2841	fornication	0	1	0.0
2842	fox	0	1	0.0
2843	friend	0	15	0.0
2844	friendship	0	1	0.0
2845	from Beth-Shemesh	0	2	0.0
2846	from Sidon	0	1	0.0
2847	fury of fire	0	1	0.0
2848	garden plant	0	1	0.0
2849	give up or lay aside what one possesses	0	1	0.0
2850	gnat	0	1	0.0
2851	goddess	0	1	0.0
2852	grape	0	3	0.0
2853	group of servants	0	2	0.0
2854	guardian of the temple	0	2	0.0
2855	guestroom	0	8	0.0
2856	happiness	0	1	0.0
2857	have	0	2	0.0
2858	have authority	0	1	0.0
2859	have power	0	1	0.0
2860	have sympathy for	0	1	0.0
2861	he-goat	0	1	0.0
2862	heifer	0	59	0.0
2863	hired worker	0	3	0.0
2864	honest	0	1	0.0
2865	hope	0	3	0.0
2866	horror	0	1	0.0
2867	household idols	0	1	0.0
2868	hyrax or rock badger	0	1	0.0
2869	idle	0	2	0.0
2870	in Hebrew	0	4	0.0
2871	incense altar	0	4	0.0
2872	inn	0	5	0.0
2873	inner room	0	2	0.0
2874	intact state	0	1	0.0
2875	judgement seat	0	3	0.0
2876	just	0	3	0.0
2877	kid	0	1	0.0
2878	kindness	0	2	0.0
2879	kingdom	0	1	0.0
2880	knower of hearts	0	2	0.0
2881	lamb	0	1	0.0
2882	lantern	0	1	0.0
2883	laurustinus	0	4	0.0
2884	lawless	0	1	0.0
2885	lazy gluttons	0	2	0.0
2886	leaf	0	1	0.0
2887	leather	0	1	0.0
2888	leopard	0	1	0.0
2889	liberation	0	10	0.0
2890	like a Jew	0	1	0.0
2891	likeminded	0	11	0.0
2892	likeness	0	8	0.0
2893	linen cloth	0	4	0.0
2894	live	0	2	0.0
2895	long robe	0	1	0.0
2896	loving dearly	0	1	0.0
2897	make ready for service	0	2	0.0
2898	male goat	0	2	0.0
2899	master	0	5	0.0
2900	merciful	0	1	0.0
2901	merciless	0	1	0.0
2902	midheaven	0	2	0.0
2903	mighty act	0	8	0.0
2904	moth	0	1	0.0
2905	mustard plant	0	3	0.0
2906	myrrhed wine	0	1	0.0
2907	nail	0	1	0.0
2908	nation	0	6	0.0
2909	needle	0	2	0.0
2910	oak of Tabor	0	1	0.0
2911	object of worship	0	1	0.0
2912	of Adramyttium	0	1	0.0
2913	of Beeroth	0	7	0.0
2914	of Carmel	0	7	0.0
2915	of Debir	1	0	1.0
2916	of Gederah	0	1	0.0
2917	of Gibeah	0	1	0.0
2918	of Harod	0	2	0.0
2919	of Haror	0	1	0.0
2920	of Hushah	0	5	0.0
2921	of Moresheth	0	2	0.0
2922	of Nehelam	0	3	0.0
2923	of Shaalbon	0	1	0.0
2924	of a mill	0	2	0.0
2925	of glass	0	5	0.0
2926	offering	0	2	0.0
2927	offering box	0	1	0.0
2928	oil of nard	0	1	0.0
2929	oryx	0	4	0.0
2930	osprey or cormorant	0	1	0.0
2931	palace	0	1	0.0
2932	palm branch	0	1	0.0
2933	palm tree	0	1	0.0
2934	parchment	0	1	0.0
2935	peace offering	0	2	0.0
2936	perfume	0	1	0.0
2937	plant	0	2	0.0
2938	plate	0	1	0.0
2939	pool	0	1	0.0
2940	praise	0	2	0.0
2941	prayer	0	2	0.0
2942	priest	0	3	0.0
2943	priesthood	0	1	0.0
2944	priestly office	0	1	0.0
2945	proclamation	0	9	0.0
2946	profane	0	1	0.0
2947	prominent man	0	1	0.0
2948	promise in marriage	0	1	0.0
2949	pure	0	1	0.0
2950	purse	0	1	0.0
2951	quadrans	0	1	0.0
2952	quantity of money	0	1	0.0
2953	ransom	0	7	0.0
2954	rational	0	1	0.0
2955	razor	0	7	0.0
2956	redeem	0	5	0.0
2957	reed	0	16	0.0
2958	resentment	0	1	0.0
2959	resurrection	0	1	0.0
2960	ripe fruit	0	2	0.0
2961	roof	0	3	0.0
2962	rooster	0	2	0.0
2963	rudder	0	156	0.0
2964	ruler	0	3	0.0
2965	ruling power	0	1	0.0
2966	sail	0	1	0.0
2967	salvation	0	7	0.0
2968	sandal	0	1	0.0
2969	scarlet cloth	0	1	0.0
2970	scholar	0	4	0.0
2971	sea creature	0	1	0.0
2972	self-imposed religion	0	2	0.0
2973	serpent	0	2	0.0
2974	serve as a priest	0	5	0.0
2975	service	0	1	0.0
2976	shedding of blood	0	2	0.0
2977	sheep pen	0	1	0.0
2978	sheet	0	2	0.0
2979	short-eared owl	0	1	0.0
2980	show kindness towards	0	2	0.0
2981	sign	0	1	0.0
2982	sin previously	0	6	0.0
2983	sister	0	1	0.0
2984	skin	0	3	0.0
2985	small fish	0	1	0.0
2986	small plants	0	1	0.0
2987	something definite	0	1	0.0
2988	speak the truth	0	1	0.0
2989	spear	0	1	0.0
2990	speck	0	1	0.0
2991	step	0	1	0.0
2992	stern	0	1	0.0
2993	stick	0	1	0.0
2994	straw	0	29	0.0
2995	supplication	0	3	0.0
2996	swarming creatures	0	1	0.0
2997	tablet	0	55	0.0
2998	teacher of the law	0	1	0.0
2999	temple	0	1	0.0
3000	temptation	0	2	0.0
3001	tenderhearted	0	1	0.0
3002	the Mortar	0	1	0.0
3003	the means of forgiveness	0	6	0.0
3004	theater	0	1	0.0
3005	things	0	1	0.0
3006	threshing floor of Kidon	0	1	0.0
3007	threshing floor of Nacon	0	1	0.0
3008	to hold in Tartarus	0	3	0.0
3009	to live	0	1	0.0
3010	to minister	0	1	0.0
3011	to wish	0	1	0.0
3012	to worship	0	1	0.0
3013	torch	0	1	0.0
3014	towel	0	3	0.0
3015	tower	0	1	0.0
3016	tranquil	0	3	0.0
3017	trumpeter	0	2	0.0
3018	turtle dove	0	3	0.0
3019	two-drachma piece	0	1	0.0
3020	undefiled	0	3	0.0
3021	universe	0	1	0.0
3022	upstairs room	0	2	0.0
3023	valley of Hinnom	3	0	1.0
3024	valley of the son of Hinnom	9	1	0.9
3025	viper	0	1	0.0
3026	washbasin	0	3	0.0
3027	wedding hall	0	1	0.0
3028	whitewash	0	1	0.0
3029	wineskin	0	18	0.0
3030	winnowing shovel	0	1	0.0
3031	without God	0	1	0.0
3032	witness	0	13	0.0
3033	wolf	0	3	0.0
3034	word	0	1	0.0
3035	world	0	6	0.0
3036	worldly	0	8	0.0
3037	worm	0	1	0.0
3038	worship	0	4	0.0
3039	woven or knitted material	0	1	0.0
3040	yoke	0	3	0.0
3041	yoke-fellow	0	2	0.0
