	English gloss	Found	Not_found	Found_ratio
0		196	0	1.0
1	A Nazarene	1	0	1.0
2	A Samaritan	0	1	0.0
3	Aaron	315	0	1.0
4	Aaron’s	22	11	0.6666666666666666
5	Abagtha	1	0	1.0
6	Abana	1	0	1.0
7	Abarim	5	0	1.0
8	Abda	2	0	1.0
9	Abdeel	1	0	1.0
10	Abdi	3	0	1.0
11	Abdiel	1	0	1.0
12	Abdon	8	0	1.0
13	Abel	12	0	1.0
14	Abi	1	0	1.0
15	Abiasaph	1	0	1.0
16	Abiathar	31	0	1.0
17	Abida	2	0	1.0
18	Abidan	5	0	1.0
19	Abiel	3	0	1.0
20	Abiezer	5	0	1.0
21	Abiezrites	0	1	0.0
22	Abigail	17	0	1.0
23	Abihail	6	0	1.0
24	Abihu	12	0	1.0
25	Abihud	1	0	1.0
26	Abijah	27	0	1.0
27	Abijam	5	0	1.0
28	Abimael	2	0	1.0
29	Abimelech	63	1	0.984375
30	Abimelech’s	2	0	1.0
31	Abinadab	13	0	1.0
32	Abinoam	4	0	1.0
33	Abiram	11	0	1.0
34	Abishag	5	0	1.0
35	Abishai	25	0	1.0
36	Abishalom	2	0	1.0
37	Abishua	5	0	1.0
38	Abishur	1	0	1.0
39	Abishur’s	0	1	0.0
40	Abital	2	0	1.0
41	Abitub	1	0	1.0
42	Abiud	2	0	1.0
43	Abner	62	0	1.0
44	Abner’s	1	0	1.0
45	Abraham	202	0	1.0
46	Abraham’s	13	0	1.0
47	Abram	54	0	1.0
48	Abram’s	7	0	1.0
49	Abronah	2	0	1.0
50	Absalom	102	1	0.9902912621359223
51	Absalom’s	5	1	0.8333333333333334
52	Accad	1	0	1.0
53	Acco	1	0	1.0
54	Achaia	8	0	1.0
55	Achaicus	1	0	1.0
56	Achan	6	0	1.0
57	Achar	1	0	1.0
58	Achbor	7	0	1.0
59	Achim	2	0	1.0
60	Achish	21	0	1.0
61	Achor	5	0	1.0
62	Achsah	5	0	1.0
63	Achshaph	3	0	1.0
64	Achzib	4	0	1.0
65	Adadah	1	0	1.0
66	Adah	8	0	1.0
67	Adaiah	9	0	1.0
68	Adalia	1	0	1.0
69	Adam	16	0	1.0
70	Adamah	1	0	1.0
71	Adar	9	0	1.0
72	Adbeel	2	0	1.0
73	Addan	1	0	1.0
74	Addar	2	0	1.0
75	Addon	1	0	1.0
76	Adiel	3	0	1.0
77	Adin	4	0	1.0
78	Adina	1	0	1.0
79	Adithaim	1	0	1.0
80	Adlai	1	0	1.0
81	Admah	5	0	1.0
82	Admatha	1	0	1.0
83	Adna	2	0	1.0
84	Adnah	2	0	1.0
85	Adonijah	26	0	1.0
86	Adonikam	3	0	1.0
87	Adoniram	2	0	1.0
88	Adoraim	1	0	1.0
89	Adoram	2	0	1.0
90	Adrammelech	3	0	1.0
91	Adriatic	1	0	1.0
92	Adriel	2	0	1.0
93	Adullam	8	0	1.0
94	Adullamite	3	0	1.0
95	Aeneas	2	0	1.0
96	Aenon	0	1	0.0
97	Agabus	2	0	1.0
98	Agag	8	0	1.0
99	Agagite	5	0	1.0
100	Agee	1	0	1.0
101	Agrippa	11	0	1.0
102	Agur	1	0	1.0
103	Ahab	92	0	1.0
104	Ahab’s	1	0	1.0
105	Aharah	1	0	1.0
106	Aharhel	1	0	1.0
107	Ahasbai	1	0	1.0
108	Ahasuerus	31	0	1.0
109	Ahava	3	0	1.0
110	Ahaz	43	0	1.0
111	Ahaziah	36	1	0.972972972972973
112	Ahaziah’s	0	1	0.0
113	Ahban	1	0	1.0
114	Ahi	2	0	1.0
115	Ahiah	1	0	1.0
116	Ahiam	2	0	1.0
117	Ahian	1	0	1.0
118	Ahiezer	6	0	1.0
119	Ahihud	2	0	1.0
120	Ahijah	23	0	1.0
121	Ahikam	20	0	1.0
122	Ahilud	5	0	1.0
123	Ahimaaz	15	0	1.0
124	Ahiman	4	0	1.0
125	Ahimelech	16	2	0.8888888888888888
126	Ahimoth	1	0	1.0
127	Ahinadab	1	0	1.0
128	Ahinoam	7	0	1.0
129	Ahio	6	0	1.0
130	Ahira	5	0	1.0
131	Ahiram	1	0	1.0
132	Ahiramites	1	0	1.0
133	Ahisamach	3	0	1.0
134	Ahishahar	1	0	1.0
135	Ahishar	1	0	1.0
136	Ahithophel	19	0	1.0
137	Ahitub	15	0	1.0
138	Ahlab	1	0	1.0
139	Ahlai	2	0	1.0
140	Ahoah	1	0	1.0
141	Ahohite	5	0	1.0
142	Ahumai	1	0	1.0
143	Ahuzzam	1	0	1.0
144	Ahuzzath	1	0	1.0
145	Ahzai	1	0	1.0
146	Ai	37	0	1.0
147	Aiah	6	0	1.0
148	Aiath	1	0	1.0
149	Aija	1	0	1.0
150	Aijalon	10	0	1.0
151	Ain	2	0	1.0
152	Akan	1	0	1.0
153	Akeldama	1	0	1.0
154	Akkub	8	0	1.0
155	Alemeth	3	1	0.75
156	Alexander	5	0	1.0
157	Alexandrians	1	0	1.0
158	Aliah	1	0	1.0
159	Alian	1	0	1.0
160	Allammelech	1	0	1.0
161	Allon	1	0	1.0
162	Almighty	48	0	1.0
163	Almodad	2	0	1.0
164	Almon	1	0	1.0
165	Alpha	3	0	1.0
166	Alush	2	0	1.0
167	Alvah	1	0	1.0
168	Alvan	1	0	1.0
169	Amad	1	0	1.0
170	Amalek	22	0	1.0
171	Amalekite	3	0	1.0
172	Amalekites	21	5	0.8076923076923077
173	Amam	1	0	1.0
174	Amana	1	0	1.0
175	Amariah	16	0	1.0
176	Amasa	16	0	1.0
177	Amasai	5	0	1.0
178	Amashsai	1	0	1.0
179	Amasiah	1	0	1.0
180	Amaziah	40	0	1.0
181	Ami	1	0	1.0
182	Amittai	2	0	1.0
183	Ammah	1	0	1.0
184	Ammiel	6	0	1.0
185	Ammihud	9	1	0.9
186	Amminadab	15	0	1.0
187	Ammishaddai	5	0	1.0
188	Ammizabad	1	0	1.0
189	Ammon	106	0	1.0
190	Ammonite	14	0	1.0
191	Ammonites	6	0	1.0
192	Amnon	26	0	1.0
193	Amnon’s	2	0	1.0
194	Amok	2	0	1.0
195	Amon	18	0	1.0
196	Amorite	8	0	1.0
197	Amorites	62	17	0.7848101265822784
198	Amos	7	2	0.7777777777777778
199	Amoz	13	0	1.0
200	Amphipolis	1	0	1.0
201	Ampliatus	0	1	0.0
202	Amram	13	0	1.0
203	Amramites	2	0	1.0
204	Amram’s	1	0	1.0
205	Amraphel	2	0	1.0
206	Amzi	2	0	1.0
207	Anab	2	0	1.0
208	Anah	12	0	1.0
209	Anaharath	1	0	1.0
210	Anaiah	2	0	1.0
211	Anak	9	0	1.0
212	Anakim	9	0	1.0
213	Anamim	2	0	1.0
214	Anammelech	1	0	1.0
215	Anan	1	0	1.0
216	Anani	1	0	1.0
217	Ananiah	2	0	1.0
218	Ananias	11	0	1.0
219	Anath	2	0	1.0
220	Anathoth	16	0	1.0
221	Anathothite	3	0	1.0
222	Andrew	12	0	1.0
223	Andronicus	1	0	1.0
224	Anem	1	0	1.0
225	Aner	3	0	1.0
226	Aniam	1	0	1.0
227	Anim	1	0	1.0
228	Anna	1	0	1.0
229	Annas	3	0	1.0
230	Anthothijah	1	0	1.0
231	Antioch	18	0	1.0
232	Antipatris	1	0	1.0
233	Anub	1	0	1.0
234	Apelles	1	0	1.0
235	Aphek	8	0	1.0
236	Aphekah	1	0	1.0
237	Aphiah	1	0	1.0
238	Aphik	1	0	1.0
239	Apollonia	1	0	1.0
240	Apollos	8	0	1.0
241	Apollyon	1	0	1.0
242	Appaim	2	0	1.0
243	Aquila	6	0	1.0
244	Ar	6	0	1.0
245	Ara	1	0	1.0
246	Arab	4	0	1.0
247	Arabia	5	0	1.0
248	Arabs	0	6	0.0
249	Arad	5	0	1.0
250	Arah	4	0	1.0
251	Aram	8	61	0.11594202898550725
252	Aramaic	1	2	0.3333333333333333
253	Aramean	0	12	0.0
254	Arameans	0	52	0.0
255	Aran	2	0	1.0
256	Ararat	4	0	1.0
257	Araunah	9	0	1.0
258	Arbathite	2	0	1.0
259	Arbite	1	0	1.0
260	Archelaus	1	0	1.0
261	Archite	5	0	1.0
262	Archites	1	0	1.0
263	Ard	2	0	1.0
264	Ardites	1	0	1.0
265	Ardon	1	0	1.0
266	Areli	2	0	1.0
267	Arelites	1	0	1.0
268	Areopagite	1	0	1.0
269	Argob	4	0	1.0
270	Aridai	1	0	1.0
271	Aridatha	1	0	1.0
272	Ariel	5	0	1.0
273	Arimathea	0	4	0.0
274	Arioch	7	0	1.0
275	Arisai	1	0	1.0
276	Aristarchus	5	0	1.0
277	Arkites	1	1	0.5
278	Armageddon	0	1	0.0
279	Armoni	1	0	1.0
280	Arnan	1	0	1.0
281	Arnon	25	0	1.0
282	Arod	1	0	1.0
283	Arodi	1	0	1.0
284	Arodites	1	0	1.0
285	Aroer	16	0	1.0
286	Arpachshad	9	0	1.0
287	Arpad	6	0	1.0
288	Artaxerxes	14	0	1.0
289	Artaxerxes’	1	0	1.0
290	Artemas	1	0	1.0
291	Artemis	4	0	1.0
292	Arubboth	1	0	1.0
293	Arvad	2	0	1.0
294	Arvadites	1	1	0.5
295	Arza	1	0	1.0
296	Asa	57	1	0.9827586206896551
297	Asahel	12	0	1.0
298	Asaiah	8	0	1.0
299	Asaph	34	12	0.7391304347826086
300	Asarel	1	0	1.0
301	Asarelah	0	1	0.0
302	Asa’s	2	0	1.0
303	Asenath	3	0	1.0
304	Ashbel	3	0	1.0
305	Ashbelites	1	0	1.0
306	Ashdod	19	0	1.0
307	Ashdodites	1	0	1.0
308	Asher	41	0	1.0
309	Asherahs	0	1	0.0
310	Asherites	1	0	1.0
311	Asher’s	1	0	1.0
312	Ashhur	2	0	1.0
313	Ashima	1	0	1.0
314	Ashkelon	13	0	1.0
315	Ashkenaz	3	0	1.0
316	Ashnah	2	0	1.0
317	Ashpenaz	1	0	1.0
318	Ashtaroth	8	0	1.0
319	Ashterathite	1	0	1.0
320	Ashtoreth	3	0	1.0
321	Ashtoreths	0	4	0.0
322	Ashurites	1	0	1.0
323	Ashvath	1	0	1.0
324	Asia	14	1	0.9333333333333333
325	Asiarchs	1	0	1.0
326	Asiel	1	0	1.0
327	Asnah	1	0	1.0
328	Aspatha	1	0	1.0
329	Asriel	3	0	1.0
330	Asrielites	1	0	1.0
331	Asshur	5	1	0.8333333333333334
332	Asshurim	1	0	1.0
333	Assir	4	0	1.0
334	Assos	2	0	1.0
335	Assyria	136	1	0.9927007299270073
336	Assyrian	2	1	0.6666666666666666
337	Assyrians	4	1	0.8
338	Asyncritus	1	0	1.0
339	Atarah	1	0	1.0
340	Ataroth	4	0	1.0
341	Ater	5	0	1.0
342	Athach	1	0	1.0
343	Athaiah	1	0	1.0
344	Athaliah	16	0	1.0
345	Atharim	1	0	1.0
346	Athens	4	0	1.0
347	Athlai	1	0	1.0
348	Attai	4	0	1.0
349	Attalia	1	0	1.0
350	Augustus	1	0	1.0
351	Avith	2	0	1.0
352	Avva	1	0	1.0
353	Avvim	2	0	1.0
354	Avvites	1	1	0.5
355	Ayyah	0	1	0.0
356	Azal	0	1	0.0
357	Azaliah	2	0	1.0
358	Azaniah	1	0	1.0
359	Azarel	6	0	1.0
360	Azariah	48	0	1.0
361	Azaz	1	0	1.0
362	Azazel	0	4	0.0
363	Azaziah	3	0	1.0
364	Azbuk	1	0	1.0
365	Azekah	7	0	1.0
366	Azel	6	0	1.0
367	Azgad	4	0	1.0
368	Aziel	1	0	1.0
369	Aziza	1	0	1.0
370	Azmaveth	7	0	1.0
371	Azmon	3	0	1.0
372	Azor	2	0	1.0
373	Azotus	1	0	1.0
374	Azriel	3	0	1.0
375	Azrikam	6	0	1.0
376	Azubah	4	0	1.0
377	Azzan	1	0	1.0
378	Azzur	3	0	1.0
379	Baal	4	0	1.0
380	Baalah	5	0	1.0
381	Baalath	3	0	1.0
382	Baalis	1	0	1.0
383	Baana	3	0	1.0
384	Baanah	9	0	1.0
385	Baara	1	0	1.0
386	Baaseiah	1	0	1.0
387	Baasha	28	0	1.0
388	Babel	2	0	1.0
389	Babylon	293	0	1.0
390	Baharumite	1	0	1.0
391	Bahurim	5	0	1.0
392	Bakbakkar	1	0	1.0
393	Bakbuk	2	0	1.0
394	Bakbukiah	3	0	1.0
395	Balaam	57	0	1.0
396	Balaam’s	2	1	0.6666666666666666
397	Baladan	2	0	1.0
398	Balah	1	0	1.0
399	Balak	41	0	1.0
400	Balak’s	1	2	0.3333333333333333
401	Bamoth	2	0	1.0
402	Bani	15	0	1.0
403	Barabbas	11	0	1.0
404	Barachel	2	0	1.0
405	Barak	13	1	0.9285714285714286
406	Barak’s	0	1	0.0
407	Barhumite	1	0	1.0
408	Bariah	1	0	1.0
409	Barjona	0	1	0.0
410	Barkos	2	0	1.0
411	Barnabas	26	0	1.0
412	Barsabbas	2	0	1.0
413	Bartholomew	4	0	1.0
414	Bartimaeus	1	0	1.0
415	Baruch	26	0	1.0
416	Barzillai	12	0	1.0
417	Basemath	7	0	1.0
418	Bashan	60	0	1.0
419	Bazlith	1	0	1.0
420	Bazluth	1	0	1.0
421	Bealiah	1	0	1.0
422	Bealoth	2	0	1.0
423	Bebai	6	0	1.0
424	Becher	5	0	1.0
425	Becherites	1	0	1.0
426	Becorath	1	0	1.0
427	Bedad	2	0	1.0
428	Bedan	1	0	1.0
429	Bedeiah	1	0	1.0
430	Beeliada	1	0	1.0
431	Beelzebul	7	0	1.0
432	Beer	2	0	1.0
433	Beera	1	0	1.0
434	Beerah	1	0	1.0
435	Beeri	2	0	1.0
436	Beeroth	5	0	1.0
437	Beerothite	4	1	0.8
438	Beerothites	1	0	1.0
439	Beeshterah	0	1	0.0
440	Bel	3	0	1.0
441	Bela	14	0	1.0
442	Belaites	1	0	1.0
443	Belial	1	0	1.0
444	Belshazzar	8	0	1.0
445	Belteshazzar	10	0	1.0
446	Ben	1	0	1.0
447	Benaiah	42	0	1.0
448	Beninu	1	0	1.0
449	Benjamin	162	2	0.9878048780487805
450	Benjaminite	0	1	0.0
451	Benjaminites	0	1	0.0
452	Benjamin’s	2	0	1.0
453	Benjamite	1	0	1.0
454	Beon	1	0	1.0
455	Beor	10	0	1.0
456	Bera	1	0	1.0
457	Beracah	2	0	1.0
458	Beraiah	1	0	1.0
459	Berea	0	2	0.0
460	Berechiah	11	0	1.0
461	Bered	2	0	1.0
462	Beri	1	0	1.0
463	Beriah	11	0	1.0
464	Beriites	0	1	0.0
465	Berites	1	0	1.0
466	Bernice	3	0	1.0
467	Berothah	1	0	1.0
468	Berothai	1	0	1.0
469	Besai	2	0	1.0
470	Besodeiah	1	0	1.0
471	Besor	3	0	1.0
472	Betah	1	0	1.0
473	Beten	1	0	1.0
474	Beth	0	1	0.0
475	Bethany	12	0	1.0
476	Bethesda	1	0	1.0
477	Bethlehem	8	0	1.0
478	Bethphage	0	3	0.0
479	Bethsaida	7	0	1.0
480	Bethuel	10	0	1.0
481	Bethul	1	0	1.0
482	Betonim	1	0	1.0
483	Bezai	3	0	1.0
484	Bezalel	9	0	1.0
485	Bezek	3	0	1.0
486	Bezer	5	0	1.0
487	Bichri	8	0	1.0
488	Bidkar	1	0	1.0
489	Bigtha	1	0	1.0
490	Bigthan	1	0	1.0
491	Bigthana	1	0	1.0
492	Bigvai	6	0	1.0
493	Bildad	5	0	1.0
494	Bileam	1	0	1.0
495	Bilgah	3	0	1.0
496	Bilgai	1	0	1.0
497	Bilhah	11	0	1.0
498	Bilhan	4	0	1.0
499	Bilshan	2	0	1.0
500	Bimhal	1	0	1.0
501	Binea	2	0	1.0
502	Binnui	7	1	0.875
503	Birsha	1	0	1.0
504	Birzaith	1	0	1.0
505	Bithiah	1	0	1.0
506	Bithynia	2	0	1.0
507	Biziothiah	1	0	1.0
508	Biztha	1	0	1.0
509	Blastus	1	0	1.0
510	Boanerges	1	0	1.0
511	Boaz	24	0	1.0
512	Bocheru	2	0	1.0
513	Bochim	2	0	1.0
514	Bozez	1	0	1.0
515	Bozkath	2	0	1.0
516	Bozrah	8	0	1.0
517	Bukki	5	0	1.0
518	Bukkiah	2	0	1.0
519	Bul	1	0	1.0
520	Bunah	1	0	1.0
521	Bunni	3	0	1.0
522	Buz	3	0	1.0
523	Buzi	1	0	1.0
524	Buzite	2	0	1.0
525	Cabbon	1	0	1.0
526	Cabul	2	0	1.0
527	Caesar	9	0	1.0
528	Caesar's	0	1	0.0
529	Caesarea	15	0	1.0
530	Caesar’s	3	0	1.0
531	Caiaphas	8	0	1.0
532	Cain	18	0	1.0
533	Calah	2	0	1.0
534	Calcol	2	0	1.0
535	Caleb	31	0	1.0
536	Calebite	0	1	0.0
537	Caleb’s	4	0	1.0
538	Calneh	2	0	1.0
539	Calno	1	0	1.0
540	Cana	4	0	1.0
541	Canaan	87	0	1.0
542	Canaanite	9	3	0.75
543	Canaanites	42	19	0.6885245901639344
544	Canneh	1	0	1.0
545	Capernaum	16	0	1.0
546	Caphtor	3	0	1.0
547	Caphtorim	3	0	1.0
548	Cappadocia	2	0	1.0
549	Carchemish	3	0	1.0
550	Carites	1	0	1.0
551	Carkas	0	1	0.0
552	Carmel	23	0	1.0
553	Carmelite	6	0	1.0
554	Carmi	8	0	1.0
555	Carmites	1	0	1.0
556	Carpus	1	0	1.0
557	Carshena	1	0	1.0
558	Casluhim	2	0	1.0
559	Cauda	0	1	0.0
560	Cenchrea	2	0	1.0
561	Cephas	4	1	0.8
562	Chaldea	10	0	1.0
563	Chaldean	2	0	1.0
564	Chaldeans	61	5	0.9242424242424242
565	Chebar	8	0	1.0
566	Chedorlaomer	5	0	1.0
567	Chelal	1	0	1.0
568	Chelub	2	0	1.0
569	Chelubai	1	0	1.0
570	Cheluhi	1	0	1.0
571	Chemosh	8	0	1.0
572	Chenaanah	5	0	1.0
573	Chenani	1	0	1.0
574	Chenaniah	3	0	1.0
575	Chephirah	4	0	1.0
576	Cheran	2	0	1.0
577	Cherethites	8	0	1.0
578	Cherith	2	0	1.0
579	Cherub	2	0	1.0
580	Chesalon	1	0	1.0
581	Chesed	1	0	1.0
582	Chesil	1	0	1.0
583	Chesulloth	1	0	1.0
584	Chezib	1	0	1.0
585	Chileab	1	0	1.0
586	Chilion	3	0	1.0
587	Chilmad	1	0	1.0
588	Chimham	4	0	1.0
589	Chinnereth	4	0	1.0
590	Chinneroth	3	0	1.0
591	Chios	1	0	1.0
592	Chislev	2	0	1.0
593	Chislon	1	0	1.0
594	Chitlish	1	0	1.0
595	Chorazin	2	0	1.0
596	Christ	406	10	0.9759615384615384
597	Christ [is]	0	2	0.0
598	Christ's	0	1	0.0
599	Christians	1	0	1.0
600	Christ’s	2	1	0.6666666666666666
601	Cilicia	5	0	1.0
602	Cilicia [he is]	0	1	0.0
603	Claudia	1	0	1.0
604	Claudius	3	0	1.0
605	Cleopas	1	0	1.0
606	Cnidus	1	0	1.0
607	Colossae	1	0	1.0
608	Conaniah	2	0	1.0
609	Coniah	3	0	1.0
610	Corinth	6	0	1.0
611	Cornelius	8	0	1.0
612	Cos	1	0	1.0
613	Cozbi	2	0	1.0
614	Cozeba	1	0	1.0
615	Crescens	1	0	1.0
616	Cretans	2	0	1.0
617	Crete	4	0	1.0
618	Crispus	2	0	1.0
619	Cun	1	0	1.0
620	Cush	12	18	0.4
621	Cushan	1	0	1.0
622	Cushi	2	0	1.0
623	Cushite	10	5	0.6666666666666666
624	Cushites	1	7	0.125
625	Cuth	1	0	1.0
626	Cuthah	1	0	1.0
627	Cypriot	0	1	0.0
628	Cyprus	5	4	0.5555555555555556
629	Cyrene	1	0	1.0
630	Cyrenian	0	1	0.0
631	Cyrenians	1	0	1.0
632	Cyrus	23	0	1.0
633	Dabbesheth	1	0	1.0
634	Daberath	3	0	1.0
635	Dagon	13	0	1.0
636	Dalmatia	1	0	1.0
637	Dalphon	1	0	1.0
638	Damaris	1	0	1.0
639	Damascus	54	0	1.0
640	Dan	69	0	1.0
641	Daniel	82	0	1.0
642	Danites	5	0	1.0
643	Dannah	1	0	1.0
644	Dara	1	0	1.0
645	Darda	1	0	1.0
646	Darius	25	0	1.0
647	Darkon	2	0	1.0
648	Dathan	10	0	1.0
649	David	978	76	0.9278937381404174
650	David [were]	0	1	0.0
651	David’s	41	4	0.9111111111111111
652	Debir	14	0	1.0
653	Deborah	10	0	1.0
654	Decapolis	1	0	1.0
655	Dedan	10	0	1.0
656	Dedanites	1	0	1.0
657	Deker (1128)	0	1	0.0
658	Delaiah	7	0	1.0
659	Delilah	6	0	1.0
660	Demas	3	0	1.0
661	Demetrius	2	0	1.0
662	Derbe	3	0	1.0
663	Deuel	4	1	0.8
664	Diblah	1	0	1.0
665	Diblaim	1	0	1.0
666	Dibon	11	1	0.9166666666666666
667	Dibri	1	0	1.0
668	Didymus	3	0	1.0
669	Diklah	2	0	1.0
670	Dilean	1	0	1.0
671	Dimnah	1	0	1.0
672	Dimon	1	0	1.0
673	Dimonah	1	0	1.0
674	Dinah	7	0	1.0
675	Dinah’s	1	0	1.0
676	Dinhabah	2	0	1.0
677	Diotrephes	1	0	1.0
678	Diphath	1	0	1.0
679	Dishan	5	0	1.0
680	Dishon	7	0	1.0
681	Dodai	1	0	1.0
682	Dodanim	1	0	1.0
683	Dodavahu	1	0	1.0
684	Dodo	4	0	1.0
685	Doeg	3	1	0.75
686	Dophkah	2	0	1.0
687	Dor	7	0	1.0
688	Dorcas	2	0	1.0
689	Dothan	3	0	1.0
690	Drusilla	1	0	1.0
691	Dumah	4	0	1.0
692	Dura	1	0	1.0
693	Ebal	8	0	1.0
694	Ebed	6	0	1.0
695	Ebez	1	0	1.0
696	Ebiasaph	3	0	1.0
697	Ebron	1	0	1.0
698	Ecbatana	0	1	0.0
699	Eden	19	0	1.0
700	Eder	4	0	1.0
701	Edom	91	3	0.9680851063829787
702	Edomite	7	1	0.875
703	Edomites	11	2	0.8461538461538461
704	Edrei	8	0	1.0
705	Eglah	2	0	1.0
706	Eglaim	1	0	1.0
707	Eglon	13	0	1.0
708	Egypt	606	1	0.9983525535420099
709	Egyptian	23	2	0.92
710	Egyptians	85	4	0.9550561797752809
711	Egyptian’s	3	0	1.0
712	Egypt’s	0	2	0.0
713	Ehi	1	0	1.0
714	Ehud	10	0	1.0
715	Eker	1	0	1.0
716	Ekron	23	0	1.0
717	Ekronites	1	0	1.0
718	Ela	1	0	1.0
719	Elah	13	0	1.0
720	Elam	28	0	1.0
721	Elamites	1	0	1.0
722	Elasah	2	0	1.0
723	Elath	5	0	1.0
724	Eldaah	2	0	1.0
725	Eldad	2	0	1.0
726	Elead	1	0	1.0
727	Eleadah	1	0	1.0
728	Elealeh	5	0	1.0
729	Eleasah	4	0	1.0
730	Eleazar	74	0	1.0
731	Elhanan	4	0	1.0
732	Eli	34	0	1.0
733	Eliab	19	0	1.0
734	Eliab’s	1	0	1.0
735	Eliada	4	0	1.0
736	Eliahba	2	0	1.0
737	Eliakim	14	0	1.0
738	Eliam	2	0	1.0
739	Eliasaph	6	0	1.0
740	Eliashib	16	0	1.0
741	Eliashib’s	0	1	0.0
742	Eliathah	2	0	1.0
743	Elidad	1	0	1.0
744	Eliehoenai	2	0	1.0
745	Eliel	10	0	1.0
746	Elienai	1	0	1.0
747	Eliezer	14	0	1.0
748	Elihoreph	1	0	1.0
749	Elihu	11	0	1.0
750	Elijah	95	0	1.0
751	Elika	1	0	1.0
752	Elim	6	0	1.0
753	Elimelech	6	0	1.0
754	Elioenai	7	0	1.0
755	Eliphal	1	0	1.0
756	Eliphaz	15	0	1.0
757	Eliphelehu	2	0	1.0
758	Eliphelet	8	0	1.0
759	Elisha	58	0	1.0
760	Elishah	3	0	1.0
761	Elishama	17	0	1.0
762	Elishaphat	1	0	1.0
763	Elisheba	1	0	1.0
764	Elishua	2	0	1.0
765	Eliud	2	0	1.0
766	Elizabeth	9	0	1.0
767	Elizaphan	4	0	1.0
768	Elizur	5	0	1.0
769	Eli’s	1	0	1.0
770	Elkanah	21	0	1.0
771	Elkoshite	1	0	1.0
772	Ellasar	2	0	1.0
773	Elnaam	1	0	1.0
774	Elnathan	7	0	1.0
775	Elon	7	0	1.0
776	Elonites	1	0	1.0
777	Eloth	3	0	1.0
778	Elpaal	3	0	1.0
779	Elpelet	1	0	1.0
780	Elteke	1	0	1.0
781	Eltekeh	1	0	1.0
782	Eltekon	1	0	1.0
783	Eltolad	2	0	1.0
784	Elul	1	0	1.0
785	Eluzai	1	0	1.0
786	Elymas	1	0	1.0
787	Elzabad	2	0	1.0
788	Elzaphan	2	0	1.0
789	Emim	3	0	1.0
790	Emmaus	1	0	1.0
791	Enaim	2	0	1.0
792	Enam	1	0	1.0
793	Enan	5	0	1.0
794	Enoch	12	0	1.0
795	Enosh	7	0	1.0
796	Epaphras	3	0	1.0
797	Epaphroditus	2	0	1.0
798	Epenetus	0	1	0.0
799	Ephah	5	0	1.0
800	Ephai	1	0	1.0
801	Epher	4	0	1.0
802	Ephesus	15	0	1.0
803	Ephlal	2	0	1.0
804	Ephod	1	0	1.0
805	Ephraim	177	0	1.0
806	Ephraimite	3	0	1.0
807	Ephraim’s	2	2	0.5
808	Ephrath	5	0	1.0
809	Ephrathah	5	0	1.0
810	Ephrathite	1	0	1.0
811	Ephrathites	1	0	1.0
812	Ephron	13	0	1.0
813	Ephron’s	0	1	0.0
814	Epicureans	0	1	0.0
815	Er	10	0	1.0
816	Eran	1	0	1.0
817	Eranites	1	0	1.0
818	Erastus	3	0	1.0
819	Erech	1	0	1.0
820	Eri	2	0	1.0
821	Erites	1	0	1.0
822	Esau	88	0	1.0
823	Esau’s	12	0	1.0
824	Esek	1	0	1.0
825	Esh-baal	0	2	0.0
826	Eshan	1	0	1.0
827	Eshban	2	0	1.0
828	Eshcol	6	0	1.0
829	Eshek	1	0	1.0
830	Eshtaol	7	0	1.0
831	Eshtaolites	1	0	1.0
832	Eshtemoa	5	0	1.0
833	Eshtemoh	1	0	1.0
834	Eshton	2	0	1.0
835	Esther	52	0	1.0
836	Esther’s	3	0	1.0
837	Etam	5	0	1.0
838	Etham	4	0	1.0
839	Ethan	7	1	0.875
840	Ethbaal	1	0	1.0
841	Ether	2	0	1.0
842	Ethiopia	1	0	1.0
843	Ethiopian	1	0	1.0
844	Ethnan	1	0	1.0
845	Ethni	1	0	1.0
846	Eubulus	1	0	1.0
847	Eunice	1	0	1.0
848	Euodia	1	0	1.0
849	Euphrates	20	1	0.9523809523809523
850	Eutychus	1	0	1.0
851	Eve	4	0	1.0
852	Evi	2	0	1.0
853	Ezbai	1	0	1.0
854	Ezbon	2	0	1.0
855	Ezekiel	2	0	1.0
856	Ezel	1	0	1.0
857	Ezem	3	0	1.0
858	Ezer	10	0	1.0
859	Ezra	25	0	1.0
860	Ezrah	1	0	1.0
861	Ezrahite	1	2	0.3333333333333333
862	Ezri	1	0	1.0
863	Felix	9	0	1.0
864	Festus	13	0	1.0
865	Fortunatus	1	0	1.0
866	Fortune	1	0	1.0
867	Freedmen	0	1	0.0
868	GOD	17	233	0.068
869	GOD’s	0	2	0.0
870	Gaal	9	0	1.0
871	Gaash	4	0	1.0
872	Gabbai	1	0	1.0
873	Gabbatha	1	0	1.0
874	Gabriel	4	0	1.0
875	Gad	73	0	1.0
876	Gaddi	1	0	1.0
877	Gaddiel	1	0	1.0
878	Gadi	2	0	1.0
879	Gadite	1	0	1.0
880	Gadites	14	0	1.0
881	Gaham	1	0	1.0
882	Gahar	2	0	1.0
883	Gaius	4	0	1.0
884	Galal	3	0	1.0
885	Galatia	2	0	1.0
886	Galatians	1	0	1.0
887	Galeed	2	0	1.0
888	Galilee	48	0	1.0
889	Gallim	2	0	1.0
890	Gallio	2	0	1.0
891	Gamaliel	6	0	1.0
892	Gammadites	0	1	0.0
893	Gamul	1	0	1.0
894	Gareb	3	0	1.0
895	Garmite	1	0	1.0
896	Gatam	3	0	1.0
897	Gath	32	2	0.9411764705882353
898	Gaza	21	1	0.9545454545454546
899	Gazez	2	0	1.0
900	Gazites	1	0	1.0
901	Gazzam	2	0	1.0
902	Geba	18	0	1.0
903	Gebal	2	0	1.0
904	Gebalites	2	0	1.0
905	Geber	1	0	1.0
906	Geber (1127)	0	1	0.0
907	Gebim	1	0	1.0
908	Gedaliah	32	0	1.0
909	Geder	1	0	1.0
910	Gederah	2	0	1.0
911	Gederathite	1	0	1.0
912	Gederite	1	0	1.0
913	Gederoth	2	0	1.0
914	Gederothaim	1	0	1.0
915	Gedor	7	0	1.0
916	Gehazi	11	0	1.0
917	Geliloth	1	0	1.0
918	Gemalli	1	0	1.0
919	Gemariah	5	0	1.0
920	Gennesaret	2	0	1.0
921	Gentile	0	1	0.0
922	Genubath	2	0	1.0
923	Gera	8	0	1.0
924	Gerar	10	0	1.0
925	Gerizim	4	0	1.0
926	Gershom	13	0	1.0
927	Gershon	17	1	0.9444444444444444
928	Gershonite	2	0	1.0
929	Gershonites	11	0	1.0
930	Geshem	3	1	0.75
931	Geshur	8	0	1.0
932	Geshurites	6	0	1.0
933	Gether	2	0	1.0
934	Gethsemane	2	0	1.0
935	Geuel	1	0	1.0
936	Gezer	15	0	1.0
937	Giah	1	0	1.0
938	Gibbar	1	0	1.0
939	Gibbethon	6	0	1.0
940	Gibea	1	0	1.0
941	Gibeah	43	1	0.9772727272727273
942	Gibeathite	1	0	1.0
943	Gibeon	37	0	1.0
944	Gibeonite	1	1	0.5
945	Gibeonites	6	0	1.0
946	Giddalti	2	0	1.0
947	Giddel	4	0	1.0
948	Gideon	40	0	1.0
949	Gideoni	5	0	1.0
950	Gidom	1	0	1.0
951	Gihon	6	0	1.0
952	Gilalai	1	0	1.0
953	Gilboa	8	0	1.0
954	Gilead	99	0	1.0
955	Gileadite	9	0	1.0
956	Gileadites	3	0	1.0
957	Gilead’s	1	0	1.0
958	Gilgal	40	0	1.0
959	Giloh	2	0	1.0
960	Gilonite	2	0	1.0
961	Gimzo	1	0	1.0
962	Ginath	2	0	1.0
963	Ginnethoi	1	0	1.0
964	Ginnethon	2	0	1.0
965	Girgashite	1	0	1.0
966	Girgashites	2	4	0.3333333333333333
967	Gishpa	1	0	1.0
968	Gittaim	2	0	1.0
969	Gittite	8	0	1.0
970	Gittites	1	0	1.0
971	Gizonite	1	0	1.0
972	Goah	1	0	1.0
973	Gob	2	0	1.0
974	Gog	11	0	1.0
975	Goiim	3	0	1.0
976	Golan	4	0	1.0
977	Golgotha	3	0	1.0
978	Goliath	6	0	1.0
979	Gomer	6	0	1.0
980	Gomorrah	22	0	1.0
981	Goshen	15	0	1.0
982	Gozan	5	0	1.0
983	Grecian	0	1	0.0
984	Greece	5	0	1.0
985	Greek	3	0	1.0
986	Greeks	15	0	1.0
987	Gudgodah	2	0	1.0
988	Guni	4	0	1.0
989	Gunites	1	0	1.0
990	Haahashtari	1	0	1.0
991	Habaiah	1	0	1.0
992	Habakkuk	2	0	1.0
993	Habazziniah	1	0	1.0
994	Habor	3	0	1.0
995	Hacaliah	2	0	1.0
996	Hachilah	3	0	1.0
997	Hachmoni	2	0	1.0
998	Hadad	15	0	1.0
999	Hadadezer	19	0	1.0
1000	Hadar	1	0	1.0
1001	Hadashah	1	0	1.0
1002	Hadassah	1	0	1.0
1003	Hadid	3	0	1.0
1004	Hadlai	1	0	1.0
1005	Hadoram	4	0	1.0
1006	Hadrach	1	0	1.0
1007	Hagab	1	0	1.0
1008	Hagaba	1	0	1.0
1009	Hagabah	1	0	1.0
1010	Hagar	14	0	1.0
1011	Haggai	9	0	1.0
1012	Haggi	2	0	1.0
1013	Haggiah	1	0	1.0
1014	Haggites	1	0	1.0
1015	Haggith	5	0	1.0
1016	Hagri	1	0	1.0
1017	Hagrite	0	1	0.0
1018	Hagrites	4	0	1.0
1019	Hakupha	2	0	1.0
1020	Halah	3	0	1.0
1021	Halhul	1	0	1.0
1022	Hali	1	0	1.0
1023	Ham	16	0	1.0
1024	Haman	48	0	1.0
1025	Haman’s	4	0	1.0
1026	Hamath	34	0	1.0
1027	Hamathites	1	1	0.5
1028	Hamites	0	1	0.0
1029	Hammath	2	0	1.0
1030	Hammedatha	5	0	1.0
1031	Hammolecheth	1	0	1.0
1032	Hammon	2	0	1.0
1033	Hammuel	1	0	1.0
1034	Hamonah	1	0	1.0
1035	Hamor	12	0	1.0
1036	Hamor’s	1	0	1.0
1037	Hamran	1	0	1.0
1038	Hamul	3	0	1.0
1039	Hamulites	1	0	1.0
1040	Hamutal	3	0	1.0
1041	Hanamel	4	0	1.0
1042	Hanan	12	0	1.0
1043	Hanani	11	0	1.0
1044	Hananiah	29	0	1.0
1045	Hanes	1	0	1.0
1046	Hannah	13	0	1.0
1047	Hannathon	1	0	1.0
1048	Hanniel	2	0	1.0
1049	Hanoch	6	0	1.0
1050	Hanochites	1	0	1.0
1051	Hanun	11	0	1.0
1052	Hapharaim	1	0	1.0
1053	Haqqatan	0	1	0.0
1054	Hara	1	0	1.0
1055	Haradah	2	0	1.0
1056	Haran	21	0	1.0
1057	Hararite	4	0	1.0
1058	Harbona	2	0	1.0
1059	Hareph	1	0	1.0
1060	Harhaiah	1	0	1.0
1061	Harhas	1	0	1.0
1062	Harhur	2	0	1.0
1063	Harim	11	0	1.0
1064	Hariph	2	0	1.0
1065	Harmon	1	0	1.0
1066	Harnepher	1	0	1.0
1067	Harodite	2	0	1.0
1068	Harorite	1	0	1.0
1069	Harsha	2	0	1.0
1070	Harum	1	0	1.0
1071	Harumaph	1	0	1.0
1072	Haruphite	1	0	1.0
1073	Haruz	1	0	1.0
1074	Hasadiah	1	0	1.0
1075	Hashabiah	14	0	1.0
1076	Hashabnah	1	0	1.0
1077	Hashabneiah	2	0	1.0
1078	Hashbaddanah	1	0	1.0
1079	Hashem	1	0	1.0
1080	Hashmonah	2	0	1.0
1081	Hashubah	1	0	1.0
1082	Hashum	5	0	1.0
1083	Hasrah	1	0	1.0
1084	Hassenaah	1	0	1.0
1085	Hassenuah	2	0	1.0
1086	Hasshub	5	0	1.0
1087	Hassophereth	1	0	1.0
1088	Hasupha	2	0	1.0
1089	Hathach	4	0	1.0
1090	Hathath	1	0	1.0
1091	Hatipha	2	0	1.0
1092	Hatita	2	0	1.0
1093	Hattil	2	0	1.0
1094	Hattush	5	0	1.0
1095	Hauran	2	0	1.0
1096	Havilah	7	0	1.0
1097	Hazael	23	0	1.0
1098	Hazaiah	1	0	1.0
1099	Hazarmaveth	2	0	1.0
1100	Hazeroth	6	0	1.0
1101	Haziel	1	0	1.0
1102	Hazo	1	0	1.0
1103	Hazor	18	0	1.0
1104	Hazzelelponi	1	0	1.0
1105	Heber	10	0	1.0
1106	Heberites	1	0	1.0
1107	Heber’s	1	0	1.0
1108	Hebrew	16	0	1.0
1109	Hebrews	17	0	1.0
1110	Hebrews’	1	0	1.0
1111	Hebron	71	0	1.0
1112	Hebronites	6	0	1.0
1113	Hegai	4	0	1.0
1114	Helah	2	0	1.0
1115	Helam	2	0	1.0
1116	Helbah	1	0	1.0
1117	Helbon	1	0	1.0
1118	Heldai	2	1	0.6666666666666666
1119	Heleb	1	0	1.0
1120	Helech	0	1	0.0
1121	Heled	1	0	1.0
1122	Helek	2	0	1.0
1123	Helekites	1	0	1.0
1124	Helem	1	0	1.0
1125	Heleph	1	0	1.0
1126	Helez	5	0	1.0
1127	Helkai	1	0	1.0
1128	Helkath	2	0	1.0
1129	Hellenists	3	0	1.0
1130	Helon	5	0	1.0
1131	Hemam	0	1	0.0
1132	Heman	16	1	0.9411764705882353
1133	Hemdan	1	0	1.0
1134	Hen	1	0	1.0
1135	Hena	1	0	1.0
1136	Henadad	4	0	1.0
1137	Hepher	9	0	1.0
1138	Hepherites	1	0	1.0
1139	Heresh	1	0	1.0
1140	Hereth	1	0	1.0
1141	Hermas	1	0	1.0
1142	Hermes	1	1	0.5
1143	Hermogenes	1	0	1.0
1144	Hermon	13	0	1.0
1145	Herod	31	0	1.0
1146	Herod [did]	0	1	0.0
1147	Herodians	3	0	1.0
1148	Herodias	5	0	1.0
1149	Herodion	1	0	1.0
1150	Hesed	1	0	1.0
1151	Heshbon	38	0	1.0
1152	Heshmon	1	0	1.0
1153	Heth	12	0	1.0
1154	Hethlon	2	0	1.0
1155	Hezekiah	131	0	1.0
1156	Hezion	1	0	1.0
1157	Hezir	2	0	1.0
1158	Hezro	2	0	1.0
1159	Hezron	20	0	1.0
1160	Hezronites	2	0	1.0
1161	Hiddai	1	0	1.0
1162	Hiel	1	0	1.0
1163	Hiera	1	0	1.0
1164	Hilen	1	0	1.0
1165	Hilkiah	33	0	1.0
1166	Hillel	2	0	1.0
1167	Hirah	2	0	1.0
1168	Hiram	22	1	0.9565217391304348
1169	Hiram’s	1	0	1.0
1170	Hittite	23	2	0.92
1171	Hittites	9	16	0.36
1172	Hivite	2	0	1.0
1173	Hivites	8	15	0.34782608695652173
1174	Hizki	1	0	1.0
1175	Hizkiah	1	0	1.0
1176	Hobab	2	0	1.0
1177	Hobah	1	0	1.0
1178	Hobaiah	1	0	1.0
1179	Hod	1	0	1.0
1180	Hodaviah	4	0	1.0
1181	Hodesh	1	0	1.0
1182	Hodevah	1	0	1.0
1183	Hodiah	6	0	1.0
1184	Hoglah	4	0	1.0
1185	Hoham	1	0	1.0
1186	Holon	3	0	1.0
1187	Homam	1	0	1.0
1188	Hophni	5	0	1.0
1189	Hophra	1	0	1.0
1190	Hor	12	0	1.0
1191	Horam	1	0	1.0
1192	Horeb	17	0	1.0
1193	Horem	1	0	1.0
1194	Horesh	0	4	0.0
1195	Hori	3	0	1.0
1196	Horite	1	0	1.0
1197	Horites	6	0	1.0
1198	Hormah	9	0	1.0
1199	Horonaim	3	0	1.0
1200	Horonite	3	0	1.0
1201	Hosah	5	0	1.0
1202	Hosea	4	0	1.0
1203	Hoshaiah	3	0	1.0
1204	Hoshama	1	0	1.0
1205	Hoshea	12	0	1.0
1206	Hotham	2	0	1.0
1207	Hothir	2	0	1.0
1208	Hubbah	1	0	1.0
1209	Hukkok	1	0	1.0
1210	Hukok	1	0	1.0
1211	Hul	2	0	1.0
1212	Huldah	2	0	1.0
1213	Humtah	1	0	1.0
1214	Hupham	1	0	1.0
1215	Huphamites	1	0	1.0
1216	Huppah	1	0	1.0
1217	Huppim	3	0	1.0
1218	Hur	15	0	1.0
1219	Hurai	1	0	1.0
1220	Huram	8	0	1.0
1221	Huri	1	0	1.0
1222	Hushah	1	0	1.0
1223	Hushai	14	0	1.0
1224	Husham	4	0	1.0
1225	Hushathite	5	0	1.0
1226	Hushim	4	0	1.0
1227	Hymenaeus	2	0	1.0
1228	Ibhar	3	0	1.0
1229	Ibleam	3	0	1.0
1230	Ibneiah	1	0	1.0
1231	Ibnijah	1	0	1.0
1232	Ibri	1	0	1.0
1233	Ibsam	1	0	1.0
1234	Ibzan	2	0	1.0
1235	Ichabod’s	1	0	1.0
1236	Iconium	6	0	1.0
1237	Idalah	1	0	1.0
1238	Idbash	1	0	1.0
1239	Iddo	14	0	1.0
1240	Idumea	0	1	0.0
1241	Iezer	1	0	1.0
1242	Iezerites	1	0	1.0
1243	Igal	3	0	1.0
1244	Igdaliah	1	0	1.0
1245	Iim	1	0	1.0
1246	Ijon	3	0	1.0
1247	Ikkesh	3	0	1.0
1248	Ilai	1	0	1.0
1249	Illyricum	1	0	1.0
1250	Imlah	2	2	0.5
1251	Immanuel	1	0	1.0
1252	Immer	10	0	1.0
1253	Imna	1	0	1.0
1254	Imnah	4	0	1.0
1255	Imnites	1	0	1.0
1256	Imrah	1	0	1.0
1257	Imri	2	0	1.0
1258	India	2	0	1.0
1259	Iphdeiah	1	0	1.0
1260	Iphtah	1	0	1.0
1261	Ir	1	0	1.0
1262	Ira	6	0	1.0
1263	Irad	2	0	1.0
1264	Iram	2	0	1.0
1265	Iri	1	0	1.0
1266	Irijah	2	0	1.0
1267	Iron	1	0	1.0
1268	Irpeel	1	0	1.0
1269	Iru	1	0	1.0
1270	Isaac	122	0	1.0
1271	Isaac’s	4	0	1.0
1272	Isaiah	50	1	0.9803921568627451
1273	Iscah	1	0	1.0
1274	Iscariot	11	0	1.0
1275	Ishbah	1	0	1.0
1276	Ishbak	2	0	1.0
1277	Ishhod	1	0	1.0
1278	Ishi	5	0	1.0
1279	Ishma	1	0	1.0
1280	Ishmael	48	0	1.0
1281	Ishmaelite	2	0	1.0
1282	Ishmaelites	6	0	1.0
1283	Ishmaiah	1	1	0.5
1284	Ishmerai	1	0	1.0
1285	Ishpah	1	0	1.0
1286	Ishpan	1	0	1.0
1287	Ishvah	2	0	1.0
1288	Ishvi	4	0	1.0
1289	Ishvites	1	0	1.0
1290	Ismachiah	1	0	1.0
1291	Israel	2515	0	1.0
1292	Israelite	4	3	0.5714285714285714
1293	Israelite woman’s	0	1	0.0
1294	Israelites	5	9	0.35714285714285715
1295	Israel’s	6	3	0.6666666666666666
1296	Issachar	43	0	1.0
1297	Isshiah	6	0	1.0
1298	Isshijah	1	0	1.0
1299	Italy	3	1	0.75
1300	Ithamar	21	0	1.0
1301	Ithiel	3	0	1.0
1302	Ithlah	1	0	1.0
1303	Ithmah	1	0	1.0
1304	Ithnan	1	0	1.0
1305	Ithra	1	0	1.0
1306	Ithran	3	0	1.0
1307	Ithream	2	0	1.0
1308	Ithrite	4	0	1.0
1309	Ivvah	1	0	1.0
1310	Iyim	1	0	1.0
1311	Izhar	10	0	1.0
1312	Izharites	4	0	1.0
1313	Izliah	1	0	1.0
1314	Izrahiah	2	0	1.0
1315	Izrahite	1	0	1.0
1316	Izri	1	0	1.0
1317	Izziah	1	0	1.0
1318	Jaakan	1	0	1.0
1319	Jaakobah	1	0	1.0
1320	Jaala	1	0	1.0
1321	Jaalah	1	0	1.0
1322	Jaareshiah	1	0	1.0
1323	Jaasiel	2	0	1.0
1324	Jaazaniah	4	0	1.0
1325	Jaaziah	2	0	1.0
1326	Jaaziel	1	0	1.0
1327	Jabal	1	0	1.0
1328	Jabbok	6	0	1.0
1329	Jabesh	12	0	1.0
1330	Jabez	4	0	1.0
1331	Jabin	6	0	1.0
1332	Jabin’s	1	0	1.0
1333	Jabneel	2	0	1.0
1334	Jabneh	1	0	1.0
1335	Jacan	1	0	1.0
1336	Jachin	6	0	1.0
1337	Jachinites	1	0	1.0
1338	Jacob	355	0	1.0
1339	Jacob’s	10	2	0.8333333333333334
1340	Jada	2	0	1.0
1341	Jaddai	0	1	0.0
1342	Jaddua	3	0	1.0
1343	Jadon	1	0	1.0
1344	Jael	6	0	1.0
1345	Jagur	1	0	1.0
1346	Jahath	8	0	1.0
1347	Jahaz	7	0	1.0
1348	Jahaziel	6	0	1.0
1349	Jahdai	1	0	1.0
1350	Jahdiel	1	0	1.0
1351	Jahdo	1	0	1.0
1352	Jahleel	2	0	1.0
1353	Jahleelites	1	0	1.0
1354	Jahmai	1	0	1.0
1355	Jahzah	2	0	1.0
1356	Jahzeel	2	0	1.0
1357	Jahzeelites	1	0	1.0
1358	Jahzeiah	1	0	1.0
1359	Jahzerah	1	0	1.0
1360	Jahziel	1	0	1.0
1361	Jair	9	0	1.0
1362	Jairite	1	0	1.0
1363	Jairus	2	0	1.0
1364	Jair’s	0	3	0.0
1365	Jakeh	1	0	1.0
1366	Jakim	2	0	1.0
1367	Jalam	4	0	1.0
1368	Jalon	1	0	1.0
1369	Jambres	1	0	1.0
1370	James	29	0	1.0
1371	James [son]	0	1	0.0
1372	Jamin	6	0	1.0
1373	Jaminites	1	0	1.0
1374	Jamite	1	0	1.0
1375	Jamlech	1	0	1.0
1376	Janai	1	0	1.0
1377	Janim	1	0	1.0
1378	Jannes	1	0	1.0
1379	Janoah	3	0	1.0
1380	Japheth	11	0	1.0
1381	Japhia	5	0	1.0
1382	Japhlet	3	0	1.0
1383	Japhletites	1	0	1.0
1384	Jarah	2	0	1.0
1385	Jared	6	0	1.0
1386	Jarha	2	0	1.0
1387	Jarib	3	0	1.0
1388	Jarmuth	7	0	1.0
1389	Jaroah	1	0	1.0
1390	Jashen	1	0	1.0
1391	Jashobeam	3	0	1.0
1392	Jashub	3	1	0.75
1393	Jashubites	1	0	1.0
1394	Jason	4	0	1.0
1395	Jathniel	1	0	1.0
1396	Jattir	4	0	1.0
1397	Javan	7	0	1.0
1398	Jazer	11	0	1.0
1399	Jaziz	0	1	0.0
1400	Jeatherai	1	0	1.0
1401	Jeberechiah	1	0	1.0
1402	Jebus	5	0	1.0
1403	Jebusite	9	0	1.0
1404	Jebusites	15	16	0.4838709677419355
1405	Jechoniah	2	0	1.0
1406	Jecoliah	1	0	1.0
1407	Jeconiah	7	0	1.0
1408	Jedaiah	13	0	1.0
1409	Jediael	6	0	1.0
1410	Jedidah	1	0	1.0
1411	Jedidiah	1	0	1.0
1412	Jeduthun	14	2	0.875
1413	Jehallelel	2	0	1.0
1414	Jehdeiah	2	0	1.0
1415	Jehezkel	1	0	1.0
1416	Jehiah	1	0	1.0
1417	Jehiel	13	1	0.9285714285714286
1418	Jehieli	2	0	1.0
1419	Jehizkiah	1	0	1.0
1420	Jehoaddah	2	0	1.0
1421	Jehoaddan	1	0	1.0
1422	Jehoaddin	1	0	1.0
1423	Jehoahaz	20	3	0.8695652173913043
1424	Jehoash	18	6	0.75
1425	Jehohanan	8	1	0.8888888888888888
1426	Jehoiachin	11	0	1.0
1427	Jehoiada	48	1	0.9795918367346939
1428	Jehoiakim	36	0	1.0
1429	Jehoiarib	2	0	1.0
1430	Jehonadab	3	0	1.0
1431	Jehonathan	2	0	1.0
1432	Jehoram	18	0	1.0
1433	Jehoshabeath	2	0	1.0
1434	Jehoshaphat	86	0	1.0
1435	Jehosheba	1	0	1.0
1436	Jehozabad	4	0	1.0
1437	Jehozadak	8	0	1.0
1438	Jehu	57	0	1.0
1439	Jehucal	1	0	1.0
1440	Jehud	1	0	1.0
1441	Jehudi	4	0	1.0
1442	Jeiel	8	0	1.0
1443	Jekabzeel	1	0	1.0
1444	Jekameam	2	0	1.0
1445	Jekamiah	3	0	1.0
1446	Jekuthiel	1	0	1.0
1447	Jemimah	1	0	1.0
1448	Jemuel	2	0	1.0
1449	Jephthah	29	0	1.0
1450	Jephthah’s	0	1	0.0
1451	Jephunneh	16	0	1.0
1452	Jerah	2	0	1.0
1453	Jerahmeel	8	0	1.0
1454	Jerahmeelites	2	0	1.0
1455	Jered	1	0	1.0
1456	Jeremai	1	0	1.0
1457	Jeremiah	148	0	1.0
1458	Jeremiah’s	0	1	0.0
1459	Jeremoth	6	0	1.0
1460	Jeriah	2	0	1.0
1461	Jeribai	1	0	1.0
1462	Jericho	63	0	1.0
1463	Jeriel	1	0	1.0
1464	Jerijah	1	0	1.0
1465	Jerimoth	6	1	0.8571428571428571
1466	Jerioth	1	0	1.0
1467	Jeroboam	101	0	1.0
1468	Jeroboam’s	2	1	0.6666666666666666
1469	Jeroham	10	0	1.0
1470	Jerubbaal	13	1	0.9285714285714286
1471	Jerubbesheth	1	0	1.0
1472	Jeruel	1	0	1.0
1473	Jerusalem	800	0	1.0
1474	Jerusalem’s	1	0	1.0
1475	Jerusha	1	0	1.0
1476	Jerushah	1	0	1.0
1477	Jesarelah	0	1	0.0
1478	Jeshaiah	7	0	1.0
1479	Jeshanah	1	0	1.0
1480	Jeshebeab	1	0	1.0
1481	Jesher	1	0	1.0
1482	Jeshishai	1	0	1.0
1483	Jeshohaiah	1	0	1.0
1484	Jeshua	29	0	1.0
1485	Jeshurun	4	0	1.0
1486	Jesimiel	1	0	1.0
1487	Jesse	42	0	1.0
1488	Jesus	807	13	0.9841463414634146
1489	Jesus [was]	0	1	0.0
1490	Jether	8	0	1.0
1491	Jetheth	2	0	1.0
1492	Jethro	10	0	1.0
1493	Jetur	3	0	1.0
1494	Jeuel	2	0	1.0
1495	Jeush	9	0	1.0
1496	Jeuz	1	0	1.0
1497	Jew	10	0	1.0
1498	Jewish	1	2	0.3333333333333333
1499	Jews	52	0	1.0
1500	Jezaniah	2	0	1.0
1501	Jezebel	22	0	1.0
1502	Jezebel’s	1	0	1.0
1503	Jezer	3	0	1.0
1504	Jezerites	1	0	1.0
1505	Jezrahiah	1	0	1.0
1506	Jezreel	38	0	1.0
1507	Jezreelite	9	0	1.0
1508	Jidlaph	1	0	1.0
1509	Joab	134	1	0.9925925925925926
1510	Joab’s	7	1	0.875
1511	Joah	11	0	1.0
1512	Joahaz	1	0	1.0
1513	Joanna	2	0	1.0
1514	Joash	41	0	1.0
1515	Job	54	0	1.0
1516	Jobab	9	0	1.0
1517	Job’s	1	3	0.25
1518	Jochebed	2	0	1.0
1519	Joed	1	0	1.0
1520	Joel	20	0	1.0
1521	Joelah	1	0	1.0
1522	Joezer	1	0	1.0
1523	Jogbehah	1	0	1.0
1524	Jogli	1	0	1.0
1525	Joha	2	0	1.0
1526	Johanan	24	0	1.0
1527	John	101	0	1.0
1528	John [as]	0	1	0.0
1529	John's	0	1	0.0
1530	Joiada	4	0	1.0
1531	Joiakim	4	0	1.0
1532	Joiarib	5	0	1.0
1533	Jokdeam	1	0	1.0
1534	Jokim	1	0	1.0
1535	Jokmeam	2	0	1.0
1536	Jokneam	3	0	1.0
1537	Jokshan	4	0	1.0
1538	Joktan	6	0	1.0
1539	Joktheel	2	0	1.0
1540	Jonadab	11	0	1.0
1541	Jonah	20	0	1.0
1542	Jonah’s	1	0	1.0
1543	Jonathan	118	1	0.9915966386554622
1544	Jonathan’s	2	0	1.0
1545	Joppa	12	0	1.0
1546	Jorah	1	0	1.0
1547	Jorai	1	0	1.0
1548	Joram	29	4	0.8787878787878788
1549	Jordan	197	0	1.0
1550	Jorkeam	1	0	1.0
1551	Joseph	215	4	0.9817351598173516
1552	Joseph’s	18	1	0.9473684210526315
1553	Joshah	1	0	1.0
1554	Joshaphat	2	0	1.0
1555	Joshaviah	1	0	1.0
1556	Joshbekashah	1	0	1.0
1557	Joshibiah	1	0	1.0
1558	Joshua	222	0	1.0
1559	Josiah	54	0	1.0
1560	Josiah’s	0	1	0.0
1561	Josiphiah	1	0	1.0
1562	Jotbah	1	0	1.0
1563	Jotbathah	3	0	1.0
1564	Jotham	25	1	0.9615384615384616
1565	Jozabad	9	1	0.9
1566	Jozadak	5	0	1.0
1567	Jubal	1	0	1.0
1568	Jucal	1	0	1.0
1569	Judah	825	1	0.9987893462469734
1570	Judah’s	2	0	1.0
1571	Judaism	0	2	0.0
1572	Judas	25	1	0.9615384615384616
1573	Judas [son]	0	2	0.0
1574	Jude	1	0	1.0
1575	Judea	28	0	1.0
1576	Judean	0	1	0.0
1577	Judeans	0	8	0.0
1578	Judith	1	0	1.0
1579	Julia	1	0	1.0
1580	Julius	2	0	1.0
1581	Junias	0	1	0.0
1582	Justus	3	0	1.0
1583	Juttah	1	1	0.5
1584	Kabzeel	3	0	1.0
1585	Kadesh	18	0	1.0
1586	Kadmiel	8	0	1.0
1587	Kadmonites	1	0	1.0
1588	Kain	2	0	1.0
1589	Kaiwan	0	1	0.0
1590	Kallai	1	0	1.0
1591	Kamon	1	0	1.0
1592	Kanah	3	0	1.0
1593	Kareah	14	0	1.0
1594	Karka	1	0	1.0
1595	Karkor	1	0	1.0
1596	Karnaim	0	1	0.0
1597	Kartah	1	0	1.0
1598	Kartan	1	0	1.0
1599	Kattath	1	0	1.0
1600	Kedar	12	0	1.0
1601	Kedemah	2	0	1.0
1602	Kedemoth	4	0	1.0
1603	Kedesh	12	0	1.0
1604	Kehelathah	2	0	1.0
1605	Keilah	18	0	1.0
1606	Kelaiah	1	0	1.0
1607	Kelita	3	0	1.0
1608	Kemuel	3	0	1.0
1609	Kenan	6	0	1.0
1610	Kenath	2	0	1.0
1611	Kenaz	11	0	1.0
1612	Kenite	5	0	1.0
1613	Kenites	7	1	0.875
1614	Kenizzite	3	0	1.0
1615	Kenizzites	1	0	1.0
1616	Kerioth	3	0	1.0
1617	Keros	2	0	1.0
1618	Keturah	4	0	1.0
1619	Keziah	1	0	1.0
1620	Kibzaim	1	0	1.0
1621	Kidron	11	0	1.0
1622	Kinah	1	0	1.0
1623	Kir	4	0	1.0
1624	Kiriathaim	6	0	1.0
1625	Kish	19	0	1.0
1626	Kishi	1	0	1.0
1627	Kishion	2	0	1.0
1628	Kishon	6	0	1.0
1629	Kitron	1	0	1.0
1630	Kittim	4	0	1.0
1631	Koa	1	0	1.0
1632	Kohath	31	0	1.0
1633	Kohathite	2	0	1.0
1634	Kohathites	13	0	1.0
1635	Kohath’s	0	1	0.0
1636	Kolaiah	2	0	1.0
1637	Korah	26	11	0.7027027027027027
1638	Korahite	1	0	1.0
1639	Korahites	7	0	1.0
1640	Kore	3	0	1.0
1641	Koz	1	0	1.0
1642	Kue	2	0	1.0
1643	Kushaiah	1	0	1.0
1644	LORD	97	5833	0.016357504215851602
1645	LORD’S	0	1	0.0
1646	LORD’s	0	188	0.0
1647	Laadah	1	0	1.0
1648	Laban	52	0	1.0
1649	Laban’s	3	0	1.0
1650	Lachish	24	0	1.0
1651	Ladan	7	0	1.0
1652	Lael	1	0	1.0
1653	Lahad	1	0	1.0
1654	Lahmam	1	0	1.0
1655	Lahmi	1	0	1.0
1656	Laish	6	0	1.0
1657	Laishah	1	0	1.0
1658	Lakkum	1	0	1.0
1659	Lamech	11	0	1.0
1660	Laodicea	6	0	1.0
1661	Lappidoth	1	0	1.0
1662	Lasha	1	0	1.0
1663	Lasharon	0	1	0.0
1664	Lazarus	15	0	1.0
1665	Leah	29	0	1.0
1666	Leah’s	5	0	1.0
1667	Lebanon	71	0	1.0
1668	Lebaoth	1	0	1.0
1669	Lecah	1	0	1.0
1670	Lehabim	2	0	1.0
1671	Lehi	4	0	1.0
1672	Lemuel	2	0	1.0
1673	Leshem	2	0	1.0
1674	Letushim	1	0	1.0
1675	Leummim	1	0	1.0
1676	Levi	69	0	1.0
1677	Levite	26	1	0.9629629629629629
1678	Levites	243	4	0.9838056680161943
1679	Levitical	9	3	0.75
1680	Libnah	18	0	1.0
1681	Libni	5	0	1.0
1682	Libnites	2	0	1.0
1683	Libya	1	1	0.5
1684	Libyans	1	2	0.3333333333333333
1685	Likhi	1	0	1.0
1686	Linus	1	0	1.0
1687	Lod	4	0	1.0
1688	Lois	1	0	1.0
1689	Lord	436	240	0.6449704142011834
1690	Lord’s	0	11	0.0
1691	Lot	34	0	1.0
1692	Lotan	5	0	1.0
1693	Lotan’s	2	0	1.0
1694	Lot’s	1	0	1.0
1695	Lucius	2	0	1.0
1696	Lud	6	0	1.0
1697	Ludim	2	0	1.0
1698	Luhith	1	0	1.0
1699	Luke	2	0	1.0
1700	Luz	8	0	1.0
1701	Lydda	3	0	1.0
1702	Lydia	2	0	1.0
1703	Lysanias	1	0	1.0
1704	Lysias	2	0	1.0
1705	Lystra	6	0	1.0
1706	Maacah	20	0	1.0
1707	Maacath	1	0	1.0
1708	Maacathite	4	0	1.0
1709	Maacathites	4	0	1.0
1710	Maadai	1	0	1.0
1711	Maadiah	1	0	1.0
1712	Maai	1	0	1.0
1713	Maarath	1	0	1.0
1714	Maasai	1	0	1.0
1715	Maaseiah	23	0	1.0
1716	Maaz	1	0	1.0
1717	Maaziah	2	0	1.0
1718	Macedonia	20	0	1.0
1719	Macedonians	0	2	0.0
1720	Machbannai	1	0	1.0
1721	Machbenah	0	1	0.0
1722	Machi	1	0	1.0
1723	Machir	22	0	1.0
1724	Machirites	1	0	1.0
1725	Machnadebai	1	0	1.0
1726	Machpelah	6	0	1.0
1727	Madai	2	0	1.0
1728	Madmannah	2	0	1.0
1729	Madmen	1	0	1.0
1730	Madmenah	1	0	1.0
1731	Madon	2	0	1.0
1732	Magbish	1	0	1.0
1733	Magdalene	12	0	1.0
1734	Magdiel	2	0	1.0
1735	Magog	5	0	1.0
1736	Magpiash	1	0	1.0
1737	Mahalalel	7	0	1.0
1738	Mahalath	2	0	1.0
1739	Mahanaim	13	0	1.0
1740	Maharai	3	0	1.0
1741	Mahath	3	0	1.0
1742	Mahavite	1	0	1.0
1743	Mahazioth	2	0	1.0
1744	Mahlah	5	0	1.0
1745	Mahli	12	0	1.0
1746	Mahlites	2	0	1.0
1747	Mahlon	4	0	1.0
1748	Mahol	1	0	1.0
1749	Mahseiah	2	0	1.0
1750	Makaz	1	0	1.0
1751	Makheloth	2	0	1.0
1752	Makkedah	9	0	1.0
1753	Malachi	1	0	1.0
1754	Malcam	1	0	1.0
1755	Malchiah	0	3	0.0
1756	Malchiel	3	0	1.0
1757	Malchielites	1	0	1.0
1758	Malchijah	12	0	1.0
1759	Malchiram	1	0	1.0
1760	Malchus	1	0	1.0
1761	Malkijah	0	1	0.0
1762	Mallothi	2	0	1.0
1763	Malluch	6	0	1.0
1764	Malta	1	0	1.0
1765	Mamre	10	0	1.0
1766	Manaen	1	0	1.0
1767	Manahath	3	0	1.0
1768	Manahathites	1	1	0.5
1769	Manasseh	144	2	0.9863013698630136
1770	Manasseh’s	2	0	1.0
1771	Manassites	2	1	0.6666666666666666
1772	Manoah	18	0	1.0
1773	Maoch	1	0	1.0
1774	Marah	5	0	1.0
1775	Maralah	1	0	1.0
1776	Marduk	0	1	0.0
1777	Mareshah	8	0	1.0
1778	Mark	7	0	1.0
1779	Maroth	1	0	1.0
1780	Marsena	1	0	1.0
1781	Martha	13	0	1.0
1782	Mary	48	0	1.0
1783	Mash	1	0	1.0
1784	Masrekah	2	0	1.0
1785	Massah	5	0	1.0
1786	Matred	2	0	1.0
1787	Mattan	3	0	1.0
1788	Mattanah	2	0	1.0
1789	Mattaniah	15	0	1.0
1790	Mattattah	1	0	1.0
1791	Mattenai	3	0	1.0
1792	Matthan	2	0	1.0
1793	Matthew	5	0	1.0
1794	Matthias	2	0	1.0
1795	Mattithiah	8	0	1.0
1796	Mebunnai	1	0	1.0
1797	Mecherathite	1	0	1.0
1798	Meconah	1	0	1.0
1799	Medad	2	0	1.0
1800	Medan	2	0	1.0
1801	Mede	2	0	1.0
1802	Medeba	5	0	1.0
1803	Medes	6	0	1.0
1804	Media	7	2	0.7777777777777778
1805	Megiddo	12	0	1.0
1806	Mehetabel	3	0	1.0
1807	Mehida	2	0	1.0
1808	Mehir	1	0	1.0
1809	Meholathite	2	0	1.0
1810	Mehujael	2	0	1.0
1811	Mehuman	1	0	1.0
1812	Melatiah	1	0	1.0
1813	Melchizedek	2	0	1.0
1814	Melech	2	0	1.0
1815	Memphis	8	0	1.0
1816	Memucan	3	0	1.0
1817	Menahem	8	0	1.0
1818	Meonothai	1	0	1.0
1819	Mephaath	4	0	1.0
1820	Mephibosheth	12	0	1.0
1821	Merab	4	0	1.0
1822	Meraiah	1	0	1.0
1823	Meraioth	7	0	1.0
1824	Merari	38	0	1.0
1825	Merarites	1	0	1.0
1826	Merari’s	0	1	0.0
1827	Mered	2	0	1.0
1828	Meremoth	6	0	1.0
1829	Meres	1	0	1.0
1830	Merom	2	0	1.0
1831	Meronothite	2	0	1.0
1832	Meroz	1	0	1.0
1833	Mesha	4	0	1.0
1834	Meshach	15	0	1.0
1835	Meshech	9	0	1.0
1836	Meshelemiah	4	0	1.0
1837	Meshezabel	3	0	1.0
1838	Meshillemith	1	0	1.0
1839	Meshillemoth	2	0	1.0
1840	Meshobab	1	0	1.0
1841	Meshullam	24	0	1.0
1842	Meshullemeth	1	0	1.0
1843	Mesopotamia	2	0	1.0
1844	Messiah	2	0	1.0
1845	Methuselah	6	0	1.0
1846	Methushael	2	0	1.0
1847	Meunim	2	0	1.0
1848	Meunites	0	1	0.0
1849	Mezobaite	1	0	1.0
1850	Mibhar	1	0	1.0
1851	Mibsam	3	0	1.0
1852	Mibzar	2	0	1.0
1853	Mica	5	0	1.0
1854	Micah	29	0	1.0
1855	Micah’s	3	1	0.75
1856	Micaiah	25	0	1.0
1857	Michael	15	0	1.0
1858	Michal	17	0	1.0
1859	Michmas	2	0	1.0
1860	Michmash	9	0	1.0
1861	Michmethath	2	0	1.0
1862	Michri	1	0	1.0
1863	Middin	1	0	1.0
1864	Midian	50	0	1.0
1865	Midianite	5	0	1.0
1866	Midianites	8	4	0.6666666666666666
1867	Migdol	4	0	1.0
1868	Migron	2	0	1.0
1869	Mijamin	4	0	1.0
1870	Mikloth	4	0	1.0
1871	Mikneiah	2	0	1.0
1872	Milalai	1	0	1.0
1873	Milcah	11	0	1.0
1874	Milcom	3	0	1.0
1875	Miletus	3	0	1.0
1876	Miniamin	3	0	1.0
1877	Minni	1	0	1.0
1878	Minnith	1	0	1.0
1879	Miriam	15	0	1.0
1880	Mishael	8	0	1.0
1881	Mishal	2	0	1.0
1882	Misham	1	0	1.0
1883	Mishma	4	0	1.0
1884	Mishmannah	1	0	1.0
1885	Mishraites	1	0	1.0
1886	Mispar	1	0	1.0
1887	Mispereth	1	0	1.0
1888	Mithkah	2	0	1.0
1889	Mithnite	1	0	1.0
1890	Mithredath	2	0	1.0
1891	Mitylene	1	0	1.0
1892	Mizpah	40	0	1.0
1893	Mizraim	4	0	1.0
1894	Mizzah	3	0	1.0
1895	Mnason	1	0	1.0
1896	Moab	169	0	1.0
1897	Moabite	6	1	0.8571428571428571
1898	Moabites	14	1	0.9333333333333333
1899	Moabitess	5	0	1.0
1900	Moadiah	1	0	1.0
1901	Moladah	4	0	1.0
1902	Molech	8	0	1.0
1903	Molid	1	0	1.0
1904	Mordecai	58	0	1.0
1905	Mordecai’s	2	0	1.0
1906	Moreh	3	0	1.0
1907	Moresheth	0	2	0.0
1908	Moriah	2	0	1.0
1909	Moserah	1	0	1.0
1910	Moseroth	2	0	1.0
1911	Moses	815	1	0.9987745098039216
1912	Moses’	13	1	0.9285714285714286
1913	Moza	5	0	1.0
1914	Mozah	1	0	1.0
1915	Muppim	1	0	1.0
1916	Mushi	8	0	1.0
1917	Mushites	2	0	1.0
1918	Mysia	2	0	1.0
1919	Naam	1	0	1.0
1920	Naamah	5	0	1.0
1921	Naaman	16	0	1.0
1922	Naaman’s	1	0	1.0
1923	Naamathite	4	0	1.0
1924	Naamites	1	0	1.0
1925	Naarai	1	0	1.0
1926	Naaran	1	0	1.0
1927	Nabal	18	0	1.0
1928	Nabal’s	3	0	1.0
1929	Naboth	22	0	1.0
1930	Nadab	20	0	1.0
1931	Nahalal	2	0	1.0
1932	Nahaliel	2	0	1.0
1933	Nahalol	1	0	1.0
1934	Naham	1	0	1.0
1935	Nahamani	1	0	1.0
1936	Naharai	2	0	1.0
1937	Nahash	9	0	1.0
1938	Nahbi	1	0	1.0
1939	Nahor	17	0	1.0
1940	Nahor’s	1	0	1.0
1941	Nahshon	12	0	1.0
1942	Nahum	1	0	1.0
1943	Nain	1	0	1.0
1944	Naioth	6	0	1.0
1945	Naomi	20	0	1.0
1946	Naomi’s	1	0	1.0
1947	Naphish	3	0	1.0
1948	Naphtali	52	0	1.0
1949	Naphtuhim	2	0	1.0
1950	Nathan	41	1	0.9761904761904762
1951	Nathanael	6	0	1.0
1952	Nazarenes	1	0	1.0
1953	Nazareth	21	0	1.0
1954	Neah	1	0	1.0
1955	Neariah	3	0	1.0
1956	Nebai	0	1	0.0
1957	Nebaioth	5	0	1.0
1958	Neballat	1	0	1.0
1959	Nebat	25	0	1.0
1960	Nebo	13	0	1.0
1961	Nebuchadnezzar	91	0	1.0
1962	Nebushazban	1	0	1.0
1963	Nebuzaradan	14	0	1.0
1964	Neco	8	0	1.0
1965	Nedabiah	1	0	1.0
1966	Negeb	0	2	0.0
1967	Negev	1	33	0.029411764705882353
1968	Nehelamite	3	0	1.0
1969	Nehemiah	8	0	1.0
1970	Nehum	1	0	1.0
1971	Nehushta	1	0	1.0
1972	Nehushtan	1	0	1.0
1973	Neiel	1	0	1.0
1974	Nekoda	4	0	1.0
1975	Nemuel	3	0	1.0
1976	Nemuelites	1	0	1.0
1977	Nepheg	4	0	1.0
1978	Nephisim	1	0	1.0
1979	Nephtoah	2	0	1.0
1980	Nephushesim	1	0	1.0
1981	Ner	16	0	1.0
1982	Nereus	1	0	1.0
1983	Nergal	1	0	1.0
1984	Neriah	7	0	1.0
1985	Netaim	1	0	1.0
1986	Nethanel	13	0	1.0
1987	Nethaniah	20	0	1.0
1988	Netophah	2	0	1.0
1989	Netophathite	8	0	1.0
1990	Netophathites	3	0	1.0
1991	Neziah	2	0	1.0
1992	Nezib	1	0	1.0
1993	Nibhaz	1	0	1.0
1994	Nibshan	1	0	1.0
1995	Nicanor	1	0	1.0
1996	Nicodemus	5	0	1.0
1997	Nicolaitans	2	0	1.0
1998	Nicolas	0	1	0.0
1999	Nicopolis	1	0	1.0
2000	Niger	1	0	1.0
2001	Nile	10	29	0.2564102564102564
2002	Nimrah	1	0	1.0
2003	Nimrim	2	0	1.0
2004	Nimrod	4	0	1.0
2005	Nimshi	5	0	1.0
2006	Nineveh	17	0	1.0
2007	Ninevites	1	0	1.0
2008	Nisan	2	0	1.0
2009	Nisroch	2	0	1.0
2010	Noadiah	2	0	1.0
2011	Noah	50	0	1.0
2012	Noah’s	2	2	0.5
2013	Nob	6	0	1.0
2014	Nobah	3	0	1.0
2015	Nodab	1	0	1.0
2016	Nogah	2	0	1.0
2017	Nohah	1	0	1.0
2018	Nophah	1	0	1.0
2019	Nun	29	0	1.0
2020	Nympha	1	0	1.0
2021	O Israel	0	1	0.0
2022	Obadiah	20	0	1.0
2023	Obal	1	0	1.0
2024	Obed	12	0	1.0
2025	Obil	1	0	1.0
2026	Oboth	4	0	1.0
2027	Ochran	5	0	1.0
2028	Oded	3	0	1.0
2029	Of David	1	0	1.0
2030	Of Paul	0	1	0.0
2031	Og	21	0	1.0
2032	Og’s	0	1	0.0
2033	Ohad	2	0	1.0
2034	Ohel	1	0	1.0
2035	Oholah	5	0	1.0
2036	Oholiab	5	0	1.0
2037	Oholibah	6	0	1.0
2038	Oholibamah	8	0	1.0
2039	Olympas	1	0	1.0
2040	Omar	3	0	1.0
2041	Omega	3	0	1.0
2042	Omri	18	0	1.0
2043	On	4	1	0.8
2044	Onam	4	0	1.0
2045	Onan	8	0	1.0
2046	Onesimus	2	0	1.0
2047	Ono	5	0	1.0
2048	Ophir	12	0	1.0
2049	Ophni	1	0	1.0
2050	Ophrah	8	0	1.0
2051	Oreb	7	0	1.0
2052	Oren	1	0	1.0
2053	Ornan	12	0	1.0
2054	Orpah	2	0	1.0
2055	Osnappar	1	0	1.0
2056	Othni	1	0	1.0
2057	Othniel	7	0	1.0
2058	Ozem	2	0	1.0
2059	Ozni	1	0	1.0
2060	Oznites	1	0	1.0
2061	Paarai	1	0	1.0
2062	Paddan	1	0	1.0
2063	Padon	2	0	1.0
2064	Pagiel	5	0	1.0
2065	Pai	1	0	1.0
2066	Palal	1	0	1.0
2067	Pallu	5	0	1.0
2068	Palluites	1	0	1.0
2069	Palti	2	0	1.0
2070	Paltiel	2	0	1.0
2071	Paltite	1	0	1.0
2072	Pamphylia	4	0	1.0
2073	Paphos	2	0	1.0
2074	Parah	1	0	1.0
2075	Paran	11	0	1.0
2076	Parmashta	1	0	1.0
2077	Parmenas	1	0	1.0
2078	Parnach	1	0	1.0
2079	Parosh	6	0	1.0
2080	Parshandatha	1	0	1.0
2081	Parthians	1	0	1.0
2082	Paruah	1	0	1.0
2083	Parvaim	1	0	1.0
2084	Pasach	1	0	1.0
2085	Paseah	4	0	1.0
2086	Pashhur	14	0	1.0
2087	Patara	1	0	1.0
2088	Pathros	5	0	1.0
2089	Pathrusim	2	0	1.0
2090	Patmos	1	0	1.0
2091	Patrobas	1	0	1.0
2092	Pau	1	0	1.0
2093	Paul	134	2	0.9852941176470589
2094	Paul [said]	0	1	0.0
2095	Paulus	1	0	1.0
2096	Pedahel	1	0	1.0
2097	Pedahzur	2	0	1.0
2098	Pedaiah	8	0	1.0
2099	Pekah	11	0	1.0
2100	Pekahiah	3	0	1.0
2101	Pekod	2	0	1.0
2102	Pelaiah	3	0	1.0
2103	Pelaliah	1	0	1.0
2104	Pelatiah	5	0	1.0
2105	Peleg	7	0	1.0
2106	Pelet	2	0	1.0
2107	Peleth	2	0	1.0
2108	Pelethites	7	0	1.0
2109	Pelonite	3	0	1.0
2110	Pelusium	0	2	0.0
2111	Peniel	1	0	1.0
2112	Peninnah	3	0	1.0
2113	Penuel	7	1	0.875
2114	Peor	5	0	1.0
2115	Perazim	1	0	1.0
2116	Peresh	1	0	1.0
2117	Perez	17	0	1.0
2118	Perezites	1	0	1.0
2119	Perga	3	0	1.0
2120	Pergamum	2	0	1.0
2121	Perida	1	0	1.0
2122	Perizzite	1	0	1.0
2123	Perizzites	10	12	0.45454545454545453
2124	Persia	30	0	1.0
2125	Persian	1	0	1.0
2126	Persians	4	0	1.0
2127	Persis	1	0	1.0
2128	Peruda	1	0	1.0
2129	Peter	135	0	1.0
2130	Peter [said]	0	1	0.0
2131	Peter [with that]	0	1	0.0
2132	Pethahiah	4	0	1.0
2133	Pethor	2	0	1.0
2134	Pethuel	1	0	1.0
2135	Peullethai	1	0	1.0
2136	Pharaoh	2	0	1.0
2137	Pharisee	5	0	1.0
2138	Pharisees	76	0	1.0
2139	Pharpar	1	0	1.0
2140	Phicol	3	0	1.0
2141	Philadelphia	2	0	1.0
2142	Philetus	1	0	1.0
2143	Philip	27	0	1.0
2144	Philippi	6	0	1.0
2145	Philippians	1	0	1.0
2146	Philistia	7	0	1.0
2147	Philistine	40	0	1.0
2148	Philistines	245	2	0.9919028340080972
2149	Philistine’s	0	1	0.0
2150	Philologus	1	0	1.0
2151	Phinehas	25	0	1.0
2152	Phlegon	1	0	1.0
2153	Phoebe	1	0	1.0
2154	Phoenicia	3	0	1.0
2155	Phoenix	1	0	1.0
2156	Phrygia	3	0	1.0
2157	Phygelus	1	0	1.0
2158	Pilate	50	0	1.0
2159	Pildash	1	0	1.0
2160	Pilha	1	0	1.0
2161	Piltai	1	0	1.0
2162	Pinon	2	0	1.0
2163	Piram	1	0	1.0
2164	Pirathon	1	0	1.0
2165	Pirathonite	5	0	1.0
2166	Pisgah	8	0	1.0
2167	Pishon	1	0	1.0
2168	Pisidia	1	0	1.0
2169	Pispa	1	0	1.0
2170	Pithom	1	0	1.0
2171	Pithon	2	0	1.0
2172	Pontius	3	0	1.0
2173	Pontus	1	0	1.0
2174	Poratha	1	0	1.0
2175	Porcius	1	0	1.0
2176	Potiphar	2	0	1.0
2177	Prisca	2	1	0.6666666666666666
2178	Priscilla	3	0	1.0
2179	Prochorus	1	0	1.0
2180	Ptolemais	1	0	1.0
2181	Puah	3	0	1.0
2182	Publius	1	0	1.0
2183	Pudens	1	0	1.0
2184	Pul	3	0	1.0
2185	Punites	1	0	1.0
2186	Punon	2	0	1.0
2187	Purah	2	0	1.0
2188	Put	7	1	0.875
2189	Puteoli	1	0	1.0
2190	Puthites	1	0	1.0
2191	Putiel	1	0	1.0
2192	Puvah	2	0	1.0
2193	Pyrrhus	0	1	0.0
2194	Quartus	1	0	1.0
2195	Quirinius	1	0	1.0
2196	Raamiah	1	0	1.0
2197	Rabbah	15	0	1.0
2198	Rabbith	1	0	1.0
2199	Racal	1	0	1.0
2200	Rachel	43	0	1.0
2201	Rachel’s	5	0	1.0
2202	Raddai	1	0	1.0
2203	Rahab	3	0	1.0
2204	Raham	1	0	1.0
2205	Rakkath	1	0	1.0
2206	Rakkon	1	0	1.0
2207	Ram	9	0	1.0
2208	Ramah	36	0	1.0
2209	Ramath	1	0	1.0
2210	Ramathite	1	0	1.0
2211	Rameses	4	1	0.8
2212	Ramiah	1	0	1.0
2213	Ramoth	5	0	1.0
2214	Rapha	1	0	1.0
2215	Raphah	1	0	1.0
2216	Raphu	1	0	1.0
2217	Reaiah	4	0	1.0
2218	Reba	2	0	1.0
2219	Rebecca	0	1	0.0
2220	Rebekah	28	0	1.0
2221	Rebekah’s	2	0	1.0
2222	Recah	1	0	1.0
2223	Rechab	13	0	1.0
2224	Rechabites	4	0	1.0
2225	Reelaiah	1	0	1.0
2226	Regem	1	0	1.0
2227	Rehabiah	5	0	1.0
2228	Rehob	10	0	1.0
2229	Rehoboam	52	0	1.0
2230	Rehoboth	3	0	1.0
2231	Rehum	8	0	1.0
2232	Rei	1	0	1.0
2233	Rekem	5	1	0.8333333333333334
2234	Remaliah	13	0	1.0
2235	Remeth	1	0	1.0
2236	Rephael	1	0	1.0
2237	Rephah	1	0	1.0
2238	Rephaiah	5	0	1.0
2239	Rephan	1	0	1.0
2240	Rephidim	5	0	1.0
2241	Resen	1	0	1.0
2242	Resheph	1	0	1.0
2243	Reu	5	0	1.0
2244	Reuben	73	0	1.0
2245	Reubenite	1	0	1.0
2246	Reubenites	16	0	1.0
2247	Reuel	10	0	1.0
2248	Reumah	1	0	1.0
2249	Rezin	11	0	1.0
2250	Rezon	1	0	1.0
2251	Rhegium	1	0	1.0
2252	Rhoda	1	0	1.0
2253	Rhodes	1	0	1.0
2254	Ribai	2	0	1.0
2255	Riblah	11	0	1.0
2256	Rimmon	13	0	1.0
2257	Rimmono	1	0	1.0
2258	Riphath	1	0	1.0
2259	Rissah	2	0	1.0
2260	Rithmah	2	0	1.0
2261	Rizia	1	0	1.0
2262	Rizpah	4	0	1.0
2263	Rodanim	1	0	1.0
2264	Rogelim	2	0	1.0
2265	Rome	8	0	1.0
2266	Rosh	1	0	1.0
2267	Rufus	2	0	1.0
2268	Rumah	1	0	1.0
2269	Ruth	13	0	1.0
2270	Sabeans	2	1	0.6666666666666666
2271	Sabta	1	0	1.0
2272	Sabtah	1	0	1.0
2273	Sabteca	2	0	1.0
2274	Sacar	1	0	1.0
2275	Sachar	0	1	0.0
2276	Sachia	0	1	0.0
2277	Sadducees	13	0	1.0
2278	Salamis	1	0	1.0
2279	Salecah	4	0	1.0
2280	Salim	1	0	1.0
2281	Sallai	2	0	1.0
2282	Sallu	3	0	1.0
2283	Salma	4	0	1.0
2284	Salmon	4	0	1.0
2285	Salmone	1	0	1.0
2286	Salome	2	0	1.0
2287	Salu	1	0	1.0
2288	Samaria	116	1	0.9914529914529915
2289	Samaritan	2	0	1.0
2290	Samaritans	3	0	1.0
2291	Samlah	4	0	1.0
2292	Samos	1	0	1.0
2293	Samothrace	1	0	1.0
2294	Samson	36	0	1.0
2295	Samson’s	3	0	1.0
2296	Samuel	141	0	1.0
2297	Sanballat	10	0	1.0
2298	Sansannah	1	0	1.0
2299	Saph	1	0	1.0
2300	Sapphira	1	0	1.0
2301	Sarah	39	0	1.0
2302	Sarah’s	1	0	1.0
2303	Sarai	17	0	1.0
2304	Saraph	1	0	1.0
2305	Sardis	3	0	1.0
2306	Sargon	1	0	1.0
2307	Sarid	2	0	1.0
2308	Satan	27	0	1.0
2309	Saul	387	5	0.9872448979591837
2310	Saul’s	25	3	0.8928571428571429
2311	Scythian	1	0	1.0
2312	Sea of	0	4	0.0
2313	Seba	4	0	1.0
2314	Sebam	1	0	1.0
2315	Secacah	1	0	1.0
2316	Secu	1	0	1.0
2317	Secundus	1	0	1.0
2318	Segub	2	0	1.0
2319	Seir	39	0	1.0
2320	Seirah	1	0	1.0
2321	Seled	2	0	1.0
2322	Seleucia	1	0	1.0
2323	Semachiah	1	0	1.0
2324	Senaah	2	0	1.0
2325	Seneh	1	0	1.0
2326	Senir	4	0	1.0
2327	Sennacherib	13	0	1.0
2328	Seorim	1	0	1.0
2329	Sephar	1	0	1.0
2330	Sepharad	1	0	1.0
2331	Sepharvaim	6	0	1.0
2332	Sepharvites	1	0	1.0
2333	Serah	3	0	1.0
2334	Seraiah	20	0	1.0
2335	Sered	2	0	1.0
2336	Seredites	1	0	1.0
2337	Sergius	1	0	1.0
2338	Serug	5	0	1.0
2339	Seth	8	0	1.0
2340	Sethur	1	0	1.0
2341	Shaalabbin	1	0	1.0
2342	Shaalbim	2	0	1.0
2343	Shaalbonite	2	0	1.0
2344	Shaalim	1	0	1.0
2345	Shaaph	2	0	1.0
2346	Shaaraim	3	0	1.0
2347	Shaashgaz	1	0	1.0
2348	Shabbethai	3	0	1.0
2349	Shadrach	15	0	1.0
2350	Shagee	1	0	1.0
2351	Shaharaim	1	0	1.0
2352	Shahazumah	1	0	1.0
2353	Shalishah	1	0	1.0
2354	Shallum	27	0	1.0
2355	Shallun	1	0	1.0
2356	Shalmai	0	1	0.0
2357	Shalman	1	0	1.0
2358	Shalmaneser	2	0	1.0
2359	Shama	1	0	1.0
2360	Shamgar	2	0	1.0
2361	Shamhuth	1	0	1.0
2362	Shamir	4	0	1.0
2363	Shamlai	1	0	1.0
2364	Shamma	1	0	1.0
2365	Shammah	1	0	1.0
2366	Shammai	6	0	1.0
2367	Shammoth	1	0	1.0
2368	Shammua	5	0	1.0
2369	Shamsherai	1	0	1.0
2370	Shapham	1	0	1.0
2371	Shaphan	30	0	1.0
2372	Shaphat	8	0	1.0
2373	Shaphir	1	0	1.0
2374	Sharai	1	0	1.0
2375	Sharar	1	0	1.0
2376	Sharezer	2	0	1.0
2377	Sharon	7	0	1.0
2378	Sharonite	1	0	1.0
2379	Sharuhen	1	0	1.0
2380	Shashai	1	0	1.0
2381	Shashak	1	0	1.0
2382	Shaul	9	0	1.0
2383	Shaulites	1	0	1.0
2384	Shaveh	1	0	1.0
2385	Shavsha	1	0	1.0
2386	Sheal	1	0	1.0
2387	Shealtiel	12	0	1.0
2388	Sheariah	2	0	1.0
2389	Sheba	32	0	1.0
2390	Shebaniah	7	0	1.0
2391	Shebat	1	0	1.0
2392	Shebna	7	0	1.0
2393	Shebnah	2	0	1.0
2394	Shebuel	3	0	1.0
2395	Shecaniah	10	0	1.0
2396	Shechem	63	0	1.0
2397	Shechemites	1	0	1.0
2398	Shechem’s	2	0	1.0
2399	Shedeur	5	0	1.0
2400	Sheerah	1	0	1.0
2401	Shehariah	1	0	1.0
2402	Shelah	17	0	1.0
2403	Shelanites	1	0	1.0
2404	Shelemiah	10	0	1.0
2405	Sheleph	2	0	1.0
2406	Shelesh	1	0	1.0
2407	Shelomi	1	0	1.0
2408	Shelomith	5	1	0.8333333333333334
2409	Shelomoth	4	0	1.0
2410	Shelumiel	5	0	1.0
2411	Shem	17	0	1.0
2412	Shema	6	0	1.0
2413	Shemaah	1	0	1.0
2414	Shemaiah	41	0	1.0
2415	Shemariah	4	0	1.0
2416	Shemeber	1	0	1.0
2417	Shemed	1	0	1.0
2418	Shemer	4	0	1.0
2419	Shemida	3	0	1.0
2420	Shemidaites	1	0	1.0
2421	Shemiramoth	3	0	1.0
2422	Shemuel	2	0	1.0
2423	Shen	1	0	1.0
2424	Shenazzar	1	0	1.0
2425	Shepham	2	0	1.0
2426	Shephatiah	13	0	1.0
2427	Shepho	1	0	1.0
2428	Shephupham	1	0	1.0
2429	Shephuphan	1	0	1.0
2430	Sherebiah	8	0	1.0
2431	Sheresh	1	0	1.0
2432	Sheshach	2	0	1.0
2433	Sheshai	3	0	1.0
2434	Sheshan	5	0	1.0
2435	Sheshbazzar	2	0	1.0
2436	Sheth	1	0	1.0
2437	Shethar	1	0	1.0
2438	Sheva	2	0	1.0
2439	Shibah	1	0	1.0
2440	Shihor	3	0	1.0
2441	Shikkeron	1	0	1.0
2442	Shilhi	2	0	1.0
2443	Shilhim	1	0	1.0
2444	Shillemites	1	0	1.0
2445	Shiloah	1	0	1.0
2446	Shiloh	32	1	0.9696969696969697
2447	Shilonite	6	0	1.0
2448	Shilonites	1	0	1.0
2449	Shilshah	1	0	1.0
2450	Shimea	5	0	1.0
2451	Shimeah	3	0	1.0
2452	Shimeam	1	0	1.0
2453	Shimeath	2	0	1.0
2454	Shimeathites	1	0	1.0
2455	Shimei	43	0	1.0
2456	Shimeites	2	0	1.0
2457	Shimeon	1	0	1.0
2458	Shimon	1	0	1.0
2459	Shimrath	1	0	1.0
2460	Shimri	4	0	1.0
2461	Shimrith	1	0	1.0
2462	Shimron	5	0	1.0
2463	Shimronites	1	0	1.0
2464	Shimshai	4	0	1.0
2465	Shinab	1	0	1.0
2466	Shinar	7	1	0.875
2467	Shion	1	0	1.0
2468	Shiphi	1	0	1.0
2469	Shiphmite	1	0	1.0
2470	Shiphrah	1	0	1.0
2471	Shiphtan	1	0	1.0
2472	Shisha	1	0	1.0
2473	Shishak	7	0	1.0
2474	Shitrai	1	0	1.0
2475	Shittim	5	0	1.0
2476	Shiza	1	0	1.0
2477	Shoa	1	0	1.0
2478	Shobab	4	0	1.0
2479	Shobach	2	0	1.0
2480	Shobai	2	0	1.0
2481	Shobal	9	0	1.0
2482	Shobek	1	0	1.0
2483	Shobi	1	0	1.0
2484	Shoham	1	0	1.0
2485	Shomer	2	0	1.0
2486	Shophach	2	0	1.0
2487	Shua	3	0	1.0
2488	Shuah	2	0	1.0
2489	Shual	2	0	1.0
2490	Shubael	3	0	1.0
2491	Shuhah	1	0	1.0
2492	Shuham	1	0	1.0
2493	Shuhamites	2	0	1.0
2494	Shuhite	5	0	1.0
2495	Shulammite	2	0	1.0
2496	Shumathites	1	0	1.0
2497	Shunammite	8	0	1.0
2498	Shunem	3	0	1.0
2499	Shuni	2	0	1.0
2500	Shunites	1	0	1.0
2501	Shuphamites	1	0	1.0
2502	Shuppim	3	0	1.0
2503	Shur	6	0	1.0
2504	Shuthelah	4	0	1.0
2505	Shuthelahites	1	0	1.0
2506	Sia	1	0	1.0
2507	Siaha	1	0	1.0
2508	Sibbecai	4	0	1.0
2509	Sibmah	5	0	1.0
2510	Sibraim	1	0	1.0
2511	Siddim	3	0	1.0
2512	Sidon	31	0	1.0
2513	Sidonian	1	0	1.0
2514	Sidonians	14	1	0.9333333333333333
2515	Sihon	37	0	1.0
2516	Sikkuth	0	1	0.0
2517	Silas	11	0	1.0
2518	Silla	1	0	1.0
2519	Siloam	2	0	1.0
2520	Silvanus	4	0	1.0
2521	Simeon	48	0	1.0
2522	Simeonites	3	0	1.0
2523	Simon	56	0	1.0
2524	Simon’s	1	0	1.0
2525	Sin	4	0	1.0
2526	Sinai	39	0	1.0
2527	Sinim	1	0	1.0
2528	Sinites	1	1	0.5
2529	Siphmoth	1	0	1.0
2530	Sippai	1	0	1.0
2531	Sirion	2	1	0.6666666666666666
2532	Sisera	21	0	1.0
2533	Sismai	2	0	1.0
2534	Sithri	1	0	1.0
2535	Sitnah	1	0	1.0
2536	Sivan	1	0	1.0
2537	Smyrna	1	0	1.0
2538	So	1	0	1.0
2539	Soco	3	0	1.0
2540	Socoh	5	0	1.0
2541	Sodi	1	0	1.0
2542	Sodom	44	0	1.0
2543	Solomon	274	2	0.9927536231884058
2544	Solomon’s	16	6	0.7272727272727273
2545	Sopater	1	0	1.0
2546	Sophereth	1	0	1.0
2547	Sosipater	1	0	1.0
2548	Sosthenes	2	0	1.0
2549	Sotai	2	0	1.0
2550	Spain	2	0	1.0
2551	Suah	1	0	1.0
2552	Sucathites	1	0	1.0
2553	Succoth	18	0	1.0
2554	Sukkiim	1	0	1.0
2555	Suph	0	1	0.0
2556	Suphah	1	0	1.0
2557	Susa	19	0	1.0
2558	Susanna	1	0	1.0
2559	Susi	1	0	1.0
2560	Sychar	1	0	1.0
2561	Syntyche	1	0	1.0
2562	Syracuse	1	0	1.0
2563	Syria	7	0	1.0
2564	Syrian	1	0	1.0
2565	Syrophoenician	1	0	1.0
2566	Taanach	7	0	1.0
2567	Tabbaoth	2	0	1.0
2568	Tabbath	1	0	1.0
2569	Tabeel	2	0	1.0
2570	Taberah	2	0	1.0
2571	Tabitha	2	0	1.0
2572	Tabor	10	0	1.0
2573	Tabrimmon	1	0	1.0
2574	Tadmor	1	0	1.0
2575	Tahan	2	0	1.0
2576	Tahanites	1	0	1.0
2577	Tahash	1	0	1.0
2578	Tahchemonite	1	0	1.0
2579	Tahpanhes	6	0	1.0
2580	Tahpenes	3	0	1.0
2581	Tahrea	1	0	1.0
2582	Talmai	6	0	1.0
2583	Talmon	5	0	1.0
2584	Tamar	26	0	1.0
2585	Tammuz	1	0	1.0
2586	Tanhumeth	2	0	1.0
2587	Taphath	1	0	1.0
2588	Tappuah	6	0	1.0
2589	Taralah	1	0	1.0
2590	Tarea	1	0	1.0
2591	Tarshish	28	0	1.0
2592	Tarsus	3	0	1.0
2593	Tartak	1	0	1.0
2594	Tattenai	4	0	1.0
2595	Tebah	1	0	1.0
2596	Tebaliah	1	0	1.0
2597	Tebeth	1	0	1.0
2598	Tehaphnehes	1	0	1.0
2599	Tehinnah	1	0	1.0
2600	Tekoa	9	0	1.0
2601	Tekoite	3	0	1.0
2602	Tekoites	2	0	1.0
2603	Telah	1	0	1.0
2604	Telaim	1	0	1.0
2605	Telassar	2	0	1.0
2606	Telem	2	0	1.0
2607	Tema	5	0	1.0
2608	Temah	2	0	1.0
2609	Teman	11	0	1.0
2610	Temanite	6	0	1.0
2611	Temanites	2	0	1.0
2612	Temeni	1	0	1.0
2613	Terah	13	0	1.0
2614	Teresh	2	0	1.0
2615	Tertius	1	0	1.0
2616	Tertullus	2	0	1.0
2617	Thaddaeus	2	0	1.0
2618	Thebes	0	4	0.0
2619	Thebez	3	0	1.0
2620	Theophilus	2	0	1.0
2621	Thessalonica	5	0	1.0
2622	Theudas	1	0	1.0
2623	Thomas	10	0	1.0
2624	Thyatira	3	0	1.0
2625	Tiberias	1	0	1.0
2626	Tibhath	1	0	1.0
2627	Tibni	3	0	1.0
2628	Tidal	2	0	1.0
2629	Tigris	0	2	0.0
2630	Tikvah	2	0	1.0
2631	Tilon	1	0	1.0
2632	Timna	6	0	1.0
2633	Timnah	12	0	1.0
2634	Timnite	1	0	1.0
2635	Timon	1	0	1.0
2636	Timothy	22	0	1.0
2637	Tiphsah	2	0	1.0
2638	Tiras	2	0	1.0
2639	Tirathites	1	0	1.0
2640	Tirhakah	2	0	1.0
2641	Tirhanah	1	0	1.0
2642	Tiria	1	0	1.0
2643	Tirzah	18	0	1.0
2644	Tishbite	6	0	1.0
2645	Titius	0	1	0.0
2646	Titus	7	0	1.0
2647	Titus [to go]	0	1	0.0
2648	Tizite	1	0	1.0
2649	To Caesar	2	0	1.0
2650	To Demetrius	0	1	0.0
2651	To Gaius	1	0	1.0
2652	To Greeks	1	0	1.0
2653	To Philemon	1	0	1.0
2654	To Timothy	2	0	1.0
2655	To Titus	1	0	1.0
2656	Toah	1	0	1.0
2657	Tob	4	0	1.0
2658	Tobiah	14	0	1.0
2659	Tobiah’s	1	0	1.0
2660	Tobijah	2	0	1.0
2661	Togarmah	4	0	1.0
2662	Tohu	1	0	1.0
2663	Toi	3	0	1.0
2664	Tokhath	1	0	1.0
2665	Tola	6	0	1.0
2666	Tolad	1	0	1.0
2667	Tolaites	1	0	1.0
2668	Tophel	1	0	1.0
2669	Tou	2	0	1.0
2670	Troas	6	0	1.0
2671	Trophimus	3	0	1.0
2672	Tryphena	0	1	0.0
2673	Tryphosa	1	0	1.0
2674	Tubal	8	0	1.0
2675	Tychicus	5	0	1.0
2676	Tyre	49	0	1.0
2677	Tyrians	0	3	0.0
2678	Ucal	1	0	1.0
2679	Uel	1	0	1.0
2680	Ulai	2	0	1.0
2681	Ulam	4	0	1.0
2682	Ulla	1	0	1.0
2683	Unni	2	1	0.6666666666666666
2684	Uphaz	2	0	1.0
2685	Ur	5	0	1.0
2686	Urbanus	1	0	1.0
2687	Uri	8	0	1.0
2688	Uriah	33	5	0.868421052631579
2689	Uriah’s	1	0	1.0
2690	Uriel	4	0	1.0
2691	Uthai	2	0	1.0
2692	Uz	8	0	1.0
2693	Uzai	1	0	1.0
2694	Uzal	2	0	1.0
2695	Uzza	3	0	1.0
2696	Uzzah	5	4	0.5555555555555556
2697	Uzzi	11	0	1.0
2698	Uzzia	1	0	1.0
2699	Uzziah	29	0	1.0
2700	Uzziel	16	0	1.0
2701	Uzzielites	2	0	1.0
2702	Vaizatha	1	0	1.0
2703	Vaniah	1	0	1.0
2704	Vashti	10	0	1.0
2705	Vedan	1	0	1.0
2706	Vophsi	1	0	1.0
2707	Waheb	0	1	0.0
2708	Yahweh	9	0	1.0
2709	Zaanan	1	0	1.0
2710	Zaanannim	2	0	1.0
2711	Zaavan	2	0	1.0
2712	Zabad	8	0	1.0
2713	Zabbai	2	0	1.0
2714	Zabdi	6	0	1.0
2715	Zabdiel	2	0	1.0
2716	Zabud	1	0	1.0
2717	Zaccai	2	0	1.0
2718	Zacchaeus	3	0	1.0
2719	Zaccur	9	1	0.9
2720	Zadok	55	0	1.0
2721	Zaham	1	0	1.0
2722	Zalaph	1	0	1.0
2723	Zalmon	3	0	1.0
2724	Zalmonah	2	0	1.0
2725	Zalmunna	12	0	1.0
2726	Zamzummim	1	0	1.0
2727	Zanoah	5	0	1.0
2728	Zaphon	1	0	1.0
2729	Zarephath	4	0	1.0
2730	Zarethan	3	0	1.0
2731	Zattu	4	0	1.0
2732	Zaza	1	0	1.0
2733	Zealot	2	0	1.0
2734	Zebadiah	9	0	1.0
2735	Zebah	12	0	1.0
2736	Zebedee	4	0	1.0
2737	Zebidah	1	0	1.0
2738	Zebina	1	0	1.0
2739	Zeboiim	5	0	1.0
2740	Zeboim	1	0	1.0
2741	Zebul	6	0	1.0
2742	Zebulun	45	0	1.0
2743	Zebulunite	2	0	1.0
2744	Zebulunites	1	0	1.0
2745	Zechariah	43	7	0.86
2746	Zecher	1	0	1.0
2747	Zedad	2	0	1.0
2748	Zedekiah	62	1	0.9841269841269841
2749	Zeeb	5	0	1.0
2750	Zela	1	0	1.0
2751	Zelek	2	0	1.0
2752	Zelophehad	11	0	1.0
2753	Zelzah	1	0	1.0
2754	Zemaraim	2	0	1.0
2755	Zemarites	1	1	0.5
2756	Zemirah	1	0	1.0
2757	Zenan	1	0	1.0
2758	Zenas	1	0	1.0
2759	Zephaniah	10	0	1.0
2760	Zephath	1	0	1.0
2761	Zephi	1	0	1.0
2762	Zepho	2	0	1.0
2763	Zephon	1	0	1.0
2764	Zephonites	1	0	1.0
2765	Zer	1	0	1.0
2766	Zerah	22	0	1.0
2767	Zerahiah	5	0	1.0
2768	Zerahites	6	0	1.0
2769	Zered	2	0	1.0
2770	Zeredah	2	0	1.0
2771	Zererah	1	0	1.0
2772	Zeresh	4	0	1.0
2773	Zereth	1	0	1.0
2774	Zeri	1	0	1.0
2775	Zeror	1	0	1.0
2776	Zeruah	1	0	1.0
2777	Zerubbabel	23	0	1.0
2778	Zeruiah	24	0	1.0
2779	Zetham	2	0	1.0
2780	Zethan	1	0	1.0
2781	Zethar	1	0	1.0
2782	Zeus	0	1	0.0
2783	Zia	1	0	1.0
2784	Ziba	15	0	1.0
2785	Ziba’s	1	0	1.0
2786	Zibeon	8	0	1.0
2787	Zibia	1	0	1.0
2788	Zibiah	2	0	1.0
2789	Zichri	12	0	1.0
2790	Ziddim	1	0	1.0
2791	Ziha	3	0	1.0
2792	Ziklag	15	0	1.0
2793	Zillah	3	0	1.0
2794	Zillethai	2	0	1.0
2795	Zilpah	7	0	1.0
2796	Zimmah	3	0	1.0
2797	Zimran	2	0	1.0
2798	Zimri	15	0	1.0
2799	Zin	10	0	1.0
2800	Zina	1	0	1.0
2801	Zion	158	0	1.0
2802	Zion’s	1	0	1.0
2803	Zior	1	0	1.0
2804	Ziph	10	0	1.0
2805	Ziphah	1	0	1.0
2806	Ziphion	1	0	1.0
2807	Ziphites	2	1	0.6666666666666666
2808	Ziphron	1	0	1.0
2809	Zippor	7	0	1.0
2810	Zipporah	3	0	1.0
2811	Ziv	2	0	1.0
2812	Ziz	1	0	1.0
2813	Ziza	2	0	1.0
2814	Zizah	1	0	1.0
2815	Zoan	7	0	1.0
2816	Zoar	10	0	1.0
2817	Zobah	10	0	1.0
2818	Zohar	4	0	1.0
2819	Zophah	2	0	1.0
2820	Zophai	1	0	1.0
2821	Zophar	4	0	1.0
2822	Zorah	10	0	1.0
2823	Zorathites	2	0	1.0
2824	Zorites	1	0	1.0
2825	Zuar	5	0	1.0
2826	Zuph	3	0	1.0
2827	Zuphite	0	1	0.0
2828	Zur	5	0	1.0
2829	Zuriel	1	0	1.0
2830	Zurishaddai	3	0	1.0
2831	Zuzim	1	0	1.0
2832	[For it is] Christ	0	1	0.0
2833	[It is] Corban	0	1	0.0
2834	[and] Luke	0	1	0.0
2835	[and] Titus	0	1	0.0
2836	[as do] Mark	0	1	0.0
2837	[is] Abaddon	0	1	0.0
2838	[is] Christ	0	2	0.0
2839	[is] Jesus	0	1	0.0
2840	[is] of Christ	0	1	0.0
2841	[of] Jesus	0	1	0.0
2842	[son of] Alphaeus	0	1	0.0
2843	[son] of Bosor	0	1	0.0
2844	[son] of John	0	3	0.0
2845	[son] of Simon	0	3	0.0
2846	[the] Asians	0	1	0.0
2847	[the] Decapolis	0	1	0.0
2848	[the] Jerusalem	0	2	0.0
2849	[was] Bar-Jesus	0	1	0.0
2850	[was] John	0	1	0.0
2851	[was] Mary	0	1	0.0
2852	[were the] cherubim	0	1	0.0
2853	[were] Dionysius	0	1	0.0
2854	[which is] Christ	0	1	0.0
2855	a Christian	2	0	1.0
2856	a Cypriot	0	1	0.0
2857	a Greek	3	0	1.0
2858	a Levite	2	0	1.0
2859	a Macedonian	1	0	1.0
2860	a Pharisee	5	1	0.8333333333333334
2861	a Samaritan	2	0	1.0
2862	abib	6	0	1.0
2863	an Ethiopian	0	1	0.0
2864	an Israelite	2	0	1.0
2865	apple tree	1	0	1.0
2866	arabia	2	0	1.0
2867	ariel	1	0	1.0
2868	asherah	6	0	1.0
2869	babylonians	1	0	1.0
2870	by Paul	0	1	0.0
2871	canals	0	1	0.0
2872	chaldean	3	0	1.0
2873	chaldeans	6	0	1.0
2874	decision	2	0	1.0
2875	declares	0	4	0.0
2876	descent	1	0	1.0
2877	elamites	1	0	1.0
2878	erech	0	1	0.0
2879	euphrates	1	7	0.125
2880	father	6	0	1.0
2881	foothills	0	1	0.0
2882	for Elijah	3	0	1.0
2883	for Moses	3	0	1.0
2884	for Sodom	1	0	1.0
2885	for Tyre	2	0	1.0
2886	from Abraham	1	0	1.0
2887	from Christ	0	3	0.0
2888	from Jesus	0	3	0.0
2889	garden	3	0	1.0
2890	geruth	1	0	1.0
2891	giant	3	0	1.0
2892	giants	0	2	0.0
2893	gibeah	0	3	0.0
2894	gold of Ophir	1	0	1.0
2895	good fortune	0	1	0.0
2896	haroeh	1	0	1.0
2897	heights of Hermon	1	0	1.0
2898	hill	6	0	1.0
2899	in Aramaic	0	2	0.0
2900	in Ephesus	0	1	0.0
2901	in Hebrew	0	2	0.0
2902	in Jerusalem	2	0	1.0
2903	in Jesus	0	1	0.0
2904	in Peter	0	1	0.0
2905	jews	10	0	1.0
2906	king	1	0	1.0
2907	lake	0	1	0.0
2908	language of Ashdod	0	1	0.0
2909	language of Judah	0	4	0.0
2910	levites	4	0	1.0
2911	lord	2	0	1.0
2912	lord’s	0	1	0.0
2913	lowland	8	0	1.0
2914	man	1	0	1.0
2915	man of	1	0	1.0
2916	mede	1	0	1.0
2917	medes	4	0	1.0
2918	merathaim	1	0	1.0
2919	milcom	0	2	0.0
2920	milkom	0	1	0.0
2921	minnith	1	0	1.0
2922	naphath	0	1	0.0
2923	naphoth	0	2	0.0
2924	negev	0	3	0.0
2925	nephilim	3	0	1.0
2926	nile	0	1	0.0
2927	nomad	0	1	0.0
2928	north	140	0	1.0
2929	north side	2	0	1.0
2930	northerly	0	1	0.0
2931	northern	0	4	0.0
2932	northern side	0	1	0.0
2933	oak	3	0	1.0
2934	oaks	4	0	1.0
2935	of Aaron	2	1	0.6666666666666666
2936	of Abel	1	1	0.5
2937	of Abijah	1	0	1.0
2938	of Abilene	1	0	1.0
2939	of Abraham	19	4	0.8260869565217391
2940	of Achaia	2	0	1.0
2941	of Adam	1	1	0.5
2942	of Addi	1	0	1.0
2943	of Alexander	1	0	1.0
2944	of Alexandria	0	1	0.0
2945	of Alphaeus	4	0	1.0
2946	of Amminadab	1	0	1.0
2947	of Amos	1	0	1.0
2948	of Andrew	1	0	1.0
2949	of Annas	1	0	1.0
2950	of Antioch	1	0	1.0
2951	of Antipas	1	0	1.0
2952	of Apollos	0	2	0.0
2953	of Appius	1	0	1.0
2954	of Aristobulus	1	0	1.0
2955	of Arni	0	1	0.0
2956	of Arphaxad	1	0	1.0
2957	of Artemis	1	0	1.0
2958	of Asher	2	0	1.0
2959	of Asia	1	2	0.3333333333333333
2960	of Balaam	3	0	1.0
2961	of Barnabas	2	0	1.0
2962	of Benjamin	4	0	1.0
2963	of Berekiah	0	1	0.0
2964	of Boaz	1	0	1.0
2965	of Caesar	1	5	0.16666666666666666
2966	of Caesarea	2	0	1.0
2967	of Caiaphas	0	1	0.0
2968	of Cain	1	0	1.0
2969	of Cainan	2	0	1.0
2970	of Canaan	1	0	1.0
2971	of Candace	0	1	0.0
2972	of Cephas	0	1	0.0
2973	of Chaldeans	0	1	0.0
2974	of Chloe	0	1	0.0
2975	of Christ	74	21	0.7789473684210526
2976	of Chuza	1	0	1.0
2977	of Cilicia	1	1	0.5
2978	of Clopas	1	0	1.0
2979	of Cosam	1	0	1.0
2980	of Crete	1	0	1.0
2981	of Cyprus	1	0	1.0
2982	of Cyrene	3	1	0.75
2983	of Dalmanutha	1	0	1.0
2984	of David	28	4	0.875
2985	of Egypt	8	1	0.8888888888888888
2986	of Eliakim	1	0	1.0
2987	of Eliezer	1	0	1.0
2988	of Elijah	2	0	1.0
2989	of Elisha	1	0	1.0
2990	of Elmadam	0	1	0.0
2991	of Enoch	1	0	1.0
2992	of Enosh	0	1	0.0
2993	of Er	1	0	1.0
2994	of Esli	1	0	1.0
2995	of Gad	1	0	1.0
2996	of Galatia	2	0	1.0
2997	of Galilee	18	1	0.9473684210526315
2998	of Gamaliel	1	0	1.0
2999	of Gennesaret	1	0	1.0
3000	of Gomorrah	0	1	0.0
3001	of Greek	0	1	0.0
3002	of Hamor	1	0	1.0
3003	of Heber	0	1	0.0
3004	of Heli	1	0	1.0
3005	of Herod	5	5	0.5
3006	of Herodias	1	0	1.0
3007	of Hezron	1	0	1.0
3008	of Hosts	0	2	0.0
3009	of Isaac	5	1	0.8333333333333334
3010	of Isaachar	0	1	0.0
3011	of Isaiah	3	0	1.0
3012	of Israel	36	2	0.9473684210526315
3013	of Jacob	7	1	0.875
3014	of James	10	0	1.0
3015	of Jannai	1	0	1.0
3016	of Jared	1	0	1.0
3017	of Jason	1	0	1.0
3018	of Jericho	1	0	1.0
3019	of Jerusalem	3	2	0.6
3020	of Jesse	3	0	1.0
3021	of Jesus	42	24	0.6363636363636364
3022	of Jezreel	0	2	0.0
3023	of Joannen	0	1	0.0
3024	of Job	1	0	1.0
3025	of Joda	0	1	0.0
3026	of John	12	10	0.5454545454545454
3027	of Jonah	4	1	0.8
3028	of Jonam	0	1	0.0
3029	of Joppa	1	1	0.5
3030	of Jorim	1	0	1.0
3031	of Josech	0	1	0.0
3032	of Joseph	7	4	0.6363636363636364
3033	of Joshua	0	1	0.0
3034	of Judah	8	0	1.0
3035	of Judas	2	1	0.6666666666666666
3036	of Judea	11	4	0.7333333333333333
3037	of Kidron	0	1	0.0
3038	of Kish	1	0	1.0
3039	of Korah	0	1	0.0
3040	of Lamech	1	0	1.0
3041	of Lasea	1	0	1.0
3042	of Levi	4	0	1.0
3043	of Libya	1	0	1.0
3044	of Lot	1	1	0.5
3045	of Lycaonia	1	0	1.0
3046	of Lycia	1	0	1.0
3047	of Maath	1	0	1.0
3048	of Macedonia	3	0	1.0
3049	of Magadan	0	1	0.0
3050	of Mahalalel	0	1	0.0
3051	of Manasseh	1	0	1.0
3052	of Mary	3	1	0.75
3053	of Mattatha	1	0	1.0
3054	of Mattathias	2	0	1.0
3055	of Matthat	2	0	1.0
3056	of Melchi	2	0	1.0
3057	of Melchizedek	6	0	1.0
3058	of Melea	1	0	1.0
3059	of Menna	0	1	0.0
3060	of Methuselah	1	0	1.0
3061	of Midian	1	0	1.0
3062	of Moloch	1	0	1.0
3063	of Moses	11	2	0.8461538461538461
3064	of Naggai	1	0	1.0
3065	of Nahor	1	0	1.0
3066	of Nahshon	1	0	1.0
3067	of Nahum	1	0	1.0
3068	of Naphtali	2	0	1.0
3069	of Narcissus	1	0	1.0
3070	of Nathan	1	0	1.0
3071	of Nazareth	2	0	1.0
3072	of Neri	1	0	1.0
3073	of Nineveh	2	0	1.0
3074	of Noah	4	0	1.0
3075	of Obed	1	0	1.0
3076	of Onesiphorus	2	0	1.0
3077	of Pamphylia	0	1	0.0
3078	of Paul	2	10	0.16666666666666666
3079	of Peleg	1	0	1.0
3080	of Perez	1	0	1.0
3081	of Peter	1	6	0.14285714285714285
3082	of Phanuel	1	0	1.0
3083	of Pharaoh	1	1	0.5
3084	of Pharisees	1	0	1.0
3085	of Philip	1	2	0.3333333333333333
3086	of Pilate	1	0	1.0
3087	of Pontus	0	1	0.0
3088	of Publius	1	0	1.0
3089	of Reu	1	0	1.0
3090	of Reuben	1	0	1.0
3091	of Rhesa	1	0	1.0
3092	of Sadducees	0	1	0.0
3093	of Sala	0	1	0.0
3094	of Salem	2	0	1.0
3095	of Samaria	4	0	1.0
3096	of Sarah	1	0	1.0
3097	of Satan	6	0	1.0
3098	of Satan [is]	0	1	0.0
3099	of Sceva	0	1	0.0
3100	of Semein	1	0	1.0
3101	of Serug	1	0	1.0
3102	of Seth	1	0	1.0
3103	of Shealtiel	1	0	1.0
3104	of Shelah	1	0	1.0
3105	of Shem	1	0	1.0
3106	of Siloam	1	0	1.0
3107	of Simeon	2	0	1.0
3108	of Simon	4	8	0.3333333333333333
3109	of Sodom	3	0	1.0
3110	of Solomon	2	2	0.5
3111	of Stephanas	3	0	1.0
3112	of Syria	1	0	1.0
3113	of Tarsus	1	1	0.5
3114	of Terah	1	0	1.0
3115	of Thessalonica	1	0	1.0
3116	of Thyatira	1	0	1.0
3117	of Tiberias	2	0	1.0
3118	of Tiberius	1	0	1.0
3119	of Timaeus	1	0	1.0
3120	of Titus	3	0	1.0
3121	of Tyrannus	1	0	1.0
3122	of Tyre	4	0	1.0
3123	of Uriah	0	1	0.0
3124	of Zebedee	8	0	1.0
3125	of Zebulun	3	0	1.0
3126	of Zechariah	0	4	0.0
3127	of Zerubbabel	1	0	1.0
3128	of Zeus	0	1	0.0
3129	of Zion	2	0	1.0
3130	of [the] Decapolis	0	1	0.0
3131	of [the] Ethiopians	0	1	0.0
3132	of [the] Laodiceans	0	1	0.0
3133	of [the] Samaritans	0	1	0.0
3134	of [the] Thessalonians	0	1	0.0
3135	of a Pharisee	0	1	0.0
3136	of the Samaritans	1	0	1.0
3137	of the Thessalonians	2	0	1.0
3138	people of Ashdod	2	0	1.0
3139	persian	1	0	1.0
3140	pleiades	3	0	1.0
3141	queen	1	0	1.0
3142	queen mother	3	2	0.6
3143	ready	1	0	1.0
3144	river	66	0	1.0
3145	rivers	1	0	1.0
3146	rock	2	0	1.0
3147	rocks	1	0	1.0
3148	salt	8	0	1.0
3149	sandbars of Syrtis	0	1	0.0
3150	sea	109	1	0.990909090909091
3151	shaveh	1	0	1.0
3152	shephelah	0	11	0.0
3153	slopes	2	0	1.0
3154	south	63	0	1.0
3155	southern	0	5	0.0
3156	southern side	0	1	0.0
3157	stone	3	0	1.0
3158	teacher	0	7	0.0
3159	than John	2	0	1.0
3160	than Jonah	2	0	1.0
3161	than Peter	0	1	0.0
3162	than Solomon	2	0	1.0
3163	the Dioscuri	0	1	0.0
3164	the Northeaster	0	1	0.0
3165	the Pharisee	1	0	1.0
3166	the Pharisees	6	1	0.8571428571428571
3167	to Aaron	1	0	1.0
3168	to Abraham	9	0	1.0
3169	to Apphia	0	1	0.0
3170	to Archippus	1	1	0.5
3171	to Baal	1	0	1.0
3172	to Babylon	4	0	1.0
3173	to Caesar	8	0	1.0
3174	to Cephas	1	0	1.0
3175	to Christ	2	1	0.6666666666666666
3176	to Damascus	2	0	1.0
3177	to Gallio	0	1	0.0
3178	to Greek	0	2	0.0
3179	to Greeks	1	0	1.0
3180	to Herod	1	0	1.0
3181	to Israel	5	0	1.0
3182	to James	2	0	1.0
3183	to Jesus	11	4	0.7333333333333333
3184	to John	0	3	0.0
3185	to Joseph	3	0	1.0
3186	to Judas	1	0	1.0
3187	to Macedonians	0	1	0.0
3188	to Mary	1	0	1.0
3189	to Moses	2	0	1.0
3190	to Paul	3	2	0.6
3191	to Peter	10	1	0.9090909090909091
3192	to Pharaoh	1	0	1.0
3193	to Philip	2	1	0.6666666666666666
3194	to Pilate	4	0	1.0
3195	to Sarah	0	1	0.0
3196	to Satan	2	0	1.0
3197	to Saul	1	0	1.0
3198	to Silas	0	1	0.0
3199	to Simon	3	0	1.0
3200	to Thomas	1	0	1.0
3201	to [the] Pharisees	0	1	0.0
3202	under Aretas	0	1	0.0
3203	valley	5	1	0.8333333333333334
3204	vision	2	0	1.0
3205	water	1	0	1.0
3206	west	1	0	1.0
3207	wild goats	1	0	1.0
3208	with Paul	0	1	0.0
3209	with Philip	1	0	1.0
3210	with Samaritans	1	0	1.0
3211	with Simon	1	0	1.0
3212	with [the] Tyrians	0	1	0.0
3213	zaphon	0	1	0.0
3214	~south	0	2	0.0
